Workbook

Sheet README
A1: 시향노트 향수 데이터 시트 (AI 초안)
A3: ■ 이 파일의 상태
A4: - 향수 50개의 브랜드·이름·노트·분류·한국어 문구를 AI가 초안으로 채웠습니다. 노트와 농도는 AI의 기억에 의존한 값이라 틀릴 수 있습니다.
A5: - 모든 행의 data_status는 'AI 초안 (공식 확인 전)'입니다. 공식 출처에서 확인한 뒤 '확인 완료'로 바꾸세요. 확인 전 값은 perfumes.json으로 옮기지 않습니다 (CLAUDE.md 규칙 1번).
A7: ■ 색 구분
A8: - 회색 칸: AI 초안 (확인하고 틀리면 고치세요)
A9: - 노란 칸: 사람이 직접 채울 칸 (노트 출처 URL, 국내 정가, 확인일, 가격 출처, 이미지, 시향 가능 채널)
A11: ■ 해야 할 일 (향수마다)
A12: 1. notes_source_url에 공식 상품 페이지를 적고 top/middle/base 노트를 대조해 틀린 부분을 고친다
A13: 2. concentration(EDT/EDP 등)이 맞는지 확인한다. 모르면 비운다
A14: 3. kr_ml / kr_krw / kr_checked_at / kr_source_url에 국내 공식몰 정가를 적는다. 없으면 비워 둔다 (화면에 [확인 필요]로 표시됨)
A15: 4. 이미지를 public/perfumes/에 저장하고 image_file, image_source_url을 적는다
... A34: - 새 분위기 칩 '사랑스러운(lovely)', '매혹적인(sensual)'을 추가하고, 어울리는 향수 40개의 moods에 붙였습니다 (AI 판단이므로 맡아본 느낌에 맞게 고쳐도 됩니다).

Sheet perfumes
A1: id | B1: brand | C1: brand_ko | D1: name | E1: name_ko | F1: concentration | G1: top_notes | H1: middle_notes | I1: base_notes | J1: notes_source_url | K1: family | L1: sub_families | M1: moods | N1: avoid_flags | O1: intensity | P1: polarizing | Q1: season_occasion | R1: summary | S1: drydown | T1: check_point | U1: kr_ml | V1: kr_krw | W1: kr_checked_at | X1: kr_source_url | Y1: store_query | Z1: channels | AA1: image_file | AB1: image_source_url | AC1: data_status | AD1: todo
A2: acqua-di-parma-colonia | B2: Acqua di Parma | C2: 아쿠아 디 파르마 | D2: Colonia | E2: 콜로니아 | F2: EDC | G2: Bergamot, Lemon, Orange | H2: Lavender, Rosemary, Rose | I2: Sandalwood, Vetiver, Patchouli | K2: citrus | L2: aromatic | M2: clean, fresh, calm | O2: light | P2: low | Q2: 사계절 · 출근 | R2: 레몬과 라벤더가 어우러진 깔끔한 클래식 코롱 | S2: 몇 시간 뒤엔 부드러운 나무 향만 가볍게 남아요 | T2: 처음의 레몬 향이 라벤더와 나무 향으로 바뀌는지 맡아보세요 | Y2: 아쿠아 디 파르마 백화점 | Z2: [확인 필요] | AA2: acqua-di-parma-colonia.jpeg | AB2: https://kream.co.kr/products/226125 | AC2: AI 초안 (공식 확인 전) | AD2: 노트·농도 공식 확인 / 국내 정가 / 이미지 / 시향 가능 채널
A3: tom-ford-neroli-portofino | B3: Tom Ford | C3: 톰 포드 | D3: Neroli Portofino | E3: 네롤리 포르토피노 | F3: EDP | G3: Bergamot, Lemon, Mandarin | H3: Neroli, Orange Blossom, Lavender | I3: Amber | K3: citrus | L3: whiteFloral | M3: clean, zesty, elegant | O3: medium | P3: low | Q3: 봄·여름 · 휴가 | R3: 지중해 햇살 같은 시트러스와 오렌지 꽃 향 | S3: 몇 시간 뒤엔 부드러운 앰버가 살결에 은은히 남아요 | T3: 시트러스 뒤에 꽃 향이 얼마나 올라오는지 확인해 보세요 | Y3: 톰 포드 뷰티 백화점 | Z3: [확인 필요] | AC3: AI 초안 (공식 확인 전) | AD3: 노트·농도 공식 확인 / 국내 정가 / 이미지 / 시향 가능 채널
A4: dolce-gabbana-light-blue | B4: Dolce & Gabbana | C4: 돌체 앤 가바나 | D4: Light Blue | E4: 라이트 블루 | F4: EDT | G4: Lemon, Apple | H4: Bamboo, Jasmine, White Rose | I4: Cedar, Musk, Amber | K4: citrus | L4: fruity, aqua | M4: zesty, fresh, clean | O4: light | P4: low | Q4: 여름 · 데일리 | R4: 레몬과 사과의 청량한 여름 향 | S4: 시간이 지나면 가벼운 머스크와 시더가 남아요 | T4: 새콤한 첫 향이 얼마나 빨리 가라앉는지 맡아보세요 | Y4: 돌체앤가바나 백화점 | Z4: [확인 필요] | AC4: AI 초안 (공식 확인 전) | AD4: 노트·농도 공식 확인 / 국내 정가 / 이미지 / 시향 가능 채널
A5: calvin-klein-ck-one | B5: Calvin Klein | C5: 캘빈 클라인 | D5: CK One | E5: 씨케이 원 | F5: EDT | G5: Bergamot, Lemon, Pineapple | H5: Jasmine, Violet, Rose | I5: Musk, Amber, Cedar | K5: citrus | L5: musk, green | M5: clean, fresh, zesty | O5: light | P5: low | Q5: 사계절 · 데일리 | R5: 누구나 편하게 쓰는 깨끗한 시트러스 머스크 | S5: 몇 시간 뒤엔 깨끗한 비누 같은 머스크가 남아요 | T5: 상큼한 첫 향이 머스크로 넘어가는 과정을 맡아보세요 | Y5: 캘빈클라인 향수 백화점 | Z5: [확인 필요] | AC5: AI 초안 (공식 확인 전) | AD5: 노트·농도 공식 확인 / 국내 정가 / 이미지 / 시향 가능 채널
A6: jo-malone-english-pear-freesia | B6: Jo Malone London | C6: 조 말론 런던 | D6: English Pear & Freesia | E6: 잉글리시 페어 앤 프리지아 | F6: Cologne | G6: Pear | H6: Freesia, Rose | I6: Patchouli, Amber | K6: fruity | L6: floral | M6: soft, elegant, fresh, lovely | O6: light | P6: low | Q6: 가을 · 데일리 | R6: 잘 익은 배와 프리지아의 보드라운 향 | S6: 시간이 지나면 부드러운 패출리와 앰버가 따뜻하게 남아요 | T6: 배 향이 꽃 향으로 바뀌는 순간을 맡아보세요 | Y6: 조말론 런던 백화점 | Z6: [확인 필요] | AC6: AI 초안 (공식 확인 전) | AD6: 노트·농도 공식 확인 / 국내 정가 / 이미지 / 시향 가능 채널
A7: chanel-chance-eau-tendre | B7: Chanel | C7: 샤넬 | D7: Chance Eau Tendre | E7: 샹스 오 땅드르 | F7: EDT | G7: Grapefruit, Quince | H7: Jasmine | I7: White Musk, Iris, Cedar, Amber | K7: fruity | L7: whiteFloral, powdery | M7: soft, sweet, elegant, lovely | O7: light | P7: low | Q7: 봄 · 데이트 | R7: 새콤한 과일과 하얀 꽃이 만난 부드러운 향 | S7: 몇 시간 뒤엔 보송한 머스크가 포근하게 남아요 | T7: 과일 향 뒤에 보송한 느낌이 오는지 확인해 보세요 | Y7: 샤넬 뷰티 백화점 | Z7: [확인 필요] | AC7: AI 초안 (공식 확인 전) | AD7: 노트·농도 공식 확인 / 국내 정가 / 이미지 / 시향 가능 채널
A8: burberry-her | B8: Burberry | C8: 버버리 | D8: Her | E8: 허 | F8: EDP | G8: Blackberry, Raspberry, Strawberry | H8: Jasmine, Violet | I8: Amber, Musk, Vanilla | K8: fruity | L8: gourmand | M8: sweet, cozy, warm, lovely | N8: tooSweet | O8: medium | P8: mid | Q8: 가을·겨울 · 데이트 | R8: 베리 잼처럼 달콤하고 진한 과일 향 | S8: 몇 시간 뒤엔 달콤한 바닐라 머스크가 남아요 | T8: 첫 향의 달콤함이 부담스럽지 않은지 맡아보세요 | U8: 50 | V8: 189000 | W8: 2026-10-07 | X8: https://kr.burberry.com/her-eau-de-parfum-50ml-p40804581 | Y8: 버버리 향수 백화점 | Z8: [확인 필요] | AA8: burberry-her.jpg | AB8: https://kr.burberry.com/her-eau-de-parfum-50ml-p40804581 | AC8: AI 초안 (공식 확인 전) | AD8: 노트·농도 공식 확인 / 시향 가능 채널 (가격·이미지는 공식 페이지에서 반영됨)
A9: marc-jacobs-daisy | B9: Marc Jacobs | C9: 마크 제이콥스 | D9: Daisy | E9: 데이지 | F9: EDT | G9: Strawberry, Violet Leaf, Grapefruit | H9: Violet, Jasmine | I9: Musk, Vanilla, Cedar | K9: fruity | L9: floral | M9: soft, sweet, zesty, lovely | O9: light | P9: low | Q9: 봄 · 데일리 | R9: 딸기와 꽃이 어우러진 발랄한 향 | S9: 시간이 지나면 보송한 머스크와 가벼운 바닐라가 남아요 | T9: 딸기 향이 꽃 향으로 이어지는 변화를 맡아보세요 | Y9: 마크제이콥스 데이지 백화점 | Z9: [확인 필요] | AC9: AI 초안 (공식 확인 전) | AD9: 노트·농도 공식 확인 / 국내 정가 / 이미지 / 시향 가능 채널
A10: armani-si-edp | B10: Giorgio Armani | C10: 조르지오 아르마니 | D10: Si | E10: 시 | F10: EDP | G10: Blackcurrant, Mandarin | H10: Freesia, Rose | I10: Vanilla, Patchouli, Amber, Musk | K10: fruity | L10: amber, floral | M10: elegant, warm, sweet | O10: medium | P10: mid | Q10: 가을·겨울 · 저녁 | R10: 새콤한 베리와 바닐라가 어우러진 세련된 향 | S10: 몇 시간 뒤엔 부드러운 바닐라와 앰버가 남아요 | T10: 베리 향이 바닐라로 넘어갈 때 달콤함의 정도를 확인해 보세요 | Y10: 조르지오 아르마니 뷰티 백화점 | Z10: [확인 필요] | AC10: AI 초안 (공식 확인 전) | AD10: 노트·농도 공식 확인 / 국내 정가 / 이미지 / 시향 가능 채널
A11: davidoff-cool-water-man | B11: Davidoff | C11: 다비도프 | D11: Cool Water Man | E11: 쿨 워터 맨 | F11: EDT | G11: Mint, Lavender, Sea Notes | H11: Geranium, Neroli, Jasmine | I11: Oakmoss, Amber, Musk, Cedar | K11: aqua | L11: aromatic | M11: cool, clean, fresh | O11: light | P11: low | Q11: 여름 · 운동 후 | R11: 바닷바람 같은 시원하고 깨끗한 향 | S11: 시간이 지나면 가벼운 이끼와 머스크가 남아요 | T11: 민트의 시원함이 얼마나 오래가는지 맡아보세요 | Y11: 다비도프 쿨워터 백화점 | Z11: [확인 필요] | AC11: AI 초안 (공식 확인 전) | AD11: 노트·농도 공식 확인 / 국내 정가 / 이미지 / 시향 가능 채널
A12: jo-malone-wood-sage-sea-salt | B12: Jo Malone London | C12: 조 말론 런던 | D12: Wood Sage & Sea Salt | E12: 우드 세이지 앤 씨 솔트 | F12: Cologne | G12: Grapefruit, Sea Salt | H12: Sage | I12: Ambrette | K12: aqua | L12: green, aromatic | M12: cool, calm, fresh | O12: light | P12: low | Q12: 봄·여름 · 산책 | R12: 바닷가 절벽을 걷는 듯한 짭짤하고 깨끗한 향 | S12: 시간이 지나면 보송한 머스크 느낌만 가볍게 남아요 | T12: 소금과 허브 향이 얼마나 조화로운지 맡아보세요 | Y12: 조말론 런던 백화점 | Z12: [확인 필요] | AC12: AI 초안 (공식 확인 전) | AD12: 노트·농도 공식 확인 / 국내 정가 / 이미지 / 시향 가능 채널
A13: armani-acqua-di-gio-homme | B13: Giorgio Armani | C13: 조르지오 아르마니 | D13: Acqua di Giò Pour Homme | E13: 아쿠아 디 지오 뿌르 옴므 | F13: EDT | G13: Lime, Lemon, Bergamot | H13: Sea Notes, Jasmine, Rosemary | I13: White Musk, Cedar, Patchouli, Oakmoss | K13: aqua | L13: citrus | M13: cool, clean, fresh | O13: medium | P13: low | Q13: 여름 · 출근 | R13: 시원한 바다와 시트러스의 정석 같은 향 | S13: 몇 시간 뒤엔 깨끗한 머스크와 나무 향이 남아요 | T13: 시트러스 뒤에 바다 느낌이 오는지 확인해 보세요 | Y13: 조르지오 아르마니 뷰티 백화점 | Z13: [확인 필요] | AC13: AI 초안 (공식 확인 전) | AD13: 노트·농도 공식 확인 / 국내 정가 / 이미지 / 시향 가능 채널
A14: diptyque-philosykos | B14: Diptyque | C14: 딥티크 | D14: Philosykos | E14: 필로시코스 | F14: EDT | G14: Fig Leaf | H14: Fig, Coconut | I14: Cedar | K14: green | L14: woody, fruity | M14: fresh, calm, soft | O14: medium | P14: mid | Q14: 봄·여름 · 휴식 | R14: 무화과나무 그늘 아래 같은 푸릇하고 부드러운 향 | S14: 시간이 지나면 우유 같은 나무 향이 조용히 남아요 | T14: 풀 향과 달콤한 열매 향의 균형을 맡아보세요 | Y14: 딥티크 백화점 | Z14: [확인 필요] | AC14: AI 초안 (공식 확인 전) | AD14: 노트·농도 공식 확인 / 국내 정가 / 이미지 / 시향 가능 채널
A15: hermes-un-jardin-sur-le-nil | B15: Hermès | C15: 에르메스 | D15: Un Jardin sur le Nil | E15: 나일 강의 정원 | F15: EDT | G15: Green Mango, Grapefruit, Tomato Leaf | H15: Lotus | I15: Incense, Cedar | K15: green | L15: fruity, aqua | M15: fresh, cool, soft | O15: light | P15: low | Q15: 봄·여름 · 데일리 | R15: 덜 익은 망고와 연꽃의 청량한 정원 향 | S15: 시간이 지나면 은은한 인센스와 나무 향이 가볍게 남아요 | T15: 망고의 풋풋함이 부담스럽지 않은지 맡아보세요 | Y15: 에르메스 뷰티 백화점 | Z15: [확인 필요] | AC15: AI 초안 (공식 확인 전) | AD15: 노트·농도 공식 확인 / 국내 정가 / 이미지 / 시향 가능 채널
A16: bvlgari-eau-parfumee-the-vert | B16: Bvlgari | C16: 불가리 | D16: Eau Parfumée au Thé Vert | E16: 오 파푸메 오 떼 베르 | F16: EDC | G16: Bergamot, Orange, Coriander | H16: Green Tea, Jasmine | I16: Musk, Oakmoss, Cedar | K16: green | L16: citrus, musk | M16: fresh, clean, calm | O16: light | P16: low | Q16: 사계절 · 출근 | R16: 녹차를 우린 듯한 맑고 깨끗한 향 | S16: 몇 시간 뒤엔 가벼운 머스크가 은은하게 남아요 | T16: 차 향이 시트러스 뒤에 얼마나 깔끔하게 나는지 맡아보세요 | Y16: 불가리 향수 백화점 | Z16: [확인 필요] | AC16: AI 초안 (공식 확인 전) | AD16: 노트·농도 공식 확인 / 국내 정가 / 이미지 / 시향 가능 채널
A17: dior-sauvage-edt | B17: Dior | C17: 디올 | D17: Sauvage | E17: 소바쥬 | F17: EDT | G17: Bergamot, Pepper | H17: Lavender, Geranium, Vetiver | I17: Ambroxan, Cedar, Labdanum | K17: aromatic | L17: spicy, woody | M17: cool, deep, fresh | O17: medium | P17: mid | Q17: 사계절 · 데이트 | R17: 상쾌한 시트러스와 후추, 깨끗한 나무 향 | S17: 몇 시간 뒤엔 깔끔한 앰버와 나무 향이 남아요 | T17: 첫 향의 후추 느낌이 얼마나 강한지 맡아보세요 | Y17: 디올 뷰티 백화점 | Z17: [확인 필요] | AC17: AI 초안 (공식 확인 전) | AD17: 노트·농도 공식 확인 / 국내 정가 / 이미지 / 시향 가능 채널
A18: chanel-bleu-de-chanel-edp | B18: Chanel | C18: 샤넬 | D18: Bleu de Chanel | E18: 블루 드 샤넬 | F18: EDP | G18: Grapefruit, Lemon, Mint, Pink Pepper | H18: Ginger, Nutmeg, Jasmine | I18: Incense, Cedar, Sandalwood, Patchouli | K18: aromatic | L18: woody, citrus | M18: calm, deep, clean | O18: medium | P18: low | Q18: 사계절 · 출근 | R18: 상큼한 시트러스에서 깊은 나무 향으로 이어지는 단정한 향 | S18: 몇 시간 뒤엔 차분한 우디 향이 남아요 | T18: 첫 향의 자몽이 나무 향으로 바뀌는 흐름을 맡아보세요 | Y18: 샤넬 뷰티 백화점 | Z18: [확인 필요] | AC18: AI 초안 (공식 확인 전) | AD18: 노트·농도 공식 확인 / 국내 정가 / 이미지 / 시향 가능 채널
A19: jean-paul-gaultier-le-male | B19: Jean Paul Gaultier | C19: 장 폴 고티에 | D19: Le Male | E19: 르 말 | F19: EDT | G19: Mint, Lavender, Bergamot, Cardamom | H19: Cinnamon, Orange Blossom | I19: Vanilla, Tonka Bean, Sandalwood, Amber | K19: aromatic | L19: gourmand, spicy | M19: cozy, warm, sweet | N19: tooSweet | O19: strong | P19: mid | Q19: 가을·겨울 · 저녁 | R19: 라벤더와 바닐라가 만난 달콤하고 따뜻한 향 | S19: 몇 시간 뒤엔 포근한 바닐라 향이 오래 남아요 | T19: 달콤한 바닐라 느낌이 부담스럽지 않은지 확인해 보세요 | Y19: 장폴고티에 향수 백화점 | Z19: [확인 필요] | AC19: AI 초안 (공식 확인 전) | AD19: 노트·농도 공식 확인 / 국내 정가 / 이미지 / 시향 가능 채널
A20: viktor-rolf-flowerbomb | B20: Viktor&Rolf | C20: 빅터 앤 롤프 | D20: Flowerbomb | E20: 플라워밤 | F20: EDP | G20: Bergamot, Tea | H20: Jasmine, Orchid, Rose, Freesia | I20: Patchouli, Musk | K20: floral | L20: whiteFloral | M20: elegant, sweet, warm, lovely | N20: heavyFloral | O20: strong | P20: high | Q20: 가을·겨울 · 저녁 | R20: 꽃다발이 터지는 듯한 화려한 꽃 향 | S20: 시간이 지나면 달콤한 패출리와 머스크가 남아요 | T20: 꽃 향이 진해서 호불호가 갈릴 수 있으니 한 번에 길게 맡아보세요 | Y20: 빅터앤롤프 플라워밤 백화점 | Z20: [확인 필요] | AC20: AI 초안 (공식 확인 전) | AD20: 노트·농도 공식 확인 / 국내 정가 / 이미지 / 시향 가능 채널
A21: dior-miss-dior-blooming-bouquet | B21: Dior | C21: 디올 | D21: Miss Dior Blooming Bouquet | E21: 미스 디올 블루밍 부케 | F21: EDT | G21: Mandarin, Bergamot | H21: Peony, Damask Rose | I21: White Musk | K21: floral | L21: musk, citrus | M21: elegant, soft, fresh, lovely | O21: light | P21: low | Q21: 봄 · 데이트 | R21: 작약과 장미가 싱그럽게 피어나는 가벼운 꽃 향 | S21: 몇 시간 뒤엔 보송한 화이트 머스크가 남아요 | T21: 꽃 향이 가볍게 퍼지는지 손목에 뿌려 맡아보세요 | Y21: 디올 뷰티 백화점 | Z21: [확인 필요] | AC21: AI 초안 (공식 확인 전) | AD21: 노트·농도 공식 확인 / 국내 정가 / 이미지 / 시향 가능 채널
A22: jo-malone-peony-blush-suede | B22: Jo Malone London | C22: 조 말론 런던 | D22: Peony & Blush Suede | E22: 피오니 앤 블러쉬 스웨이드 | F22: Cologne | G22: Apple | H22: Peony, Jasmine, Rose | I22: Suede | K22: floral | L22: powdery, leather | M22: elegant, soft, warm, lovely | O22: medium | P22: mid | Q22: 봄·가을 · 데이트 | R22: 작약과 장미를 부드러운 스웨이드가 감싸는 향 | S22: 시간이 지나면 보들보들한 가죽 느낌이 남아요 | T22: 꽃 향 뒤에 스웨이드가 느껴지는지 맡아보세요 | Y22: 조말론 런던 백화점 | Z22: [확인 필요] | AC22: AI 초안 (공식 확인 전) | AD22: 노트·농도 공식 확인 / 국내 정가 / 이미지 / 시향 가능 채널
A23: chanel-coco-mademoiselle | B23: Chanel | C23: 샤넬 | D23: Coco Mademoiselle | E23: 코코 마드모아젤 | F23: EDP | G23: Orange, Bergamot, Grapefruit | H23: Jasmine, Rose | I23: Patchouli, Vetiver, Vanilla, White Musk | K23: floral | L23: citrus, woody | M23: elegant, warm, fresh | O23: medium | P23: low | Q23: 사계절 · 데이트 | R23: 상큼한 시트러스와 장미가 조화로운 세련된 향 | S23: 몇 시간 뒤엔 패출리와 바닐라가 부드럽게 남아요 | T23: 시트러스에서 꽃, 나무 향으로 바뀌는 흐름을 맡아보세요 | Y23: 샤넬 뷰티 백화점 | Z23: [확인 필요] | AC23: AI 초안 (공식 확인 전) | AD23: 노트·농도 공식 확인 / 국내 정가 / 이미지 / 시향 가능 채널
A24: dior-jadore-edp | B24: Dior | C24: 디올 | D24: J'adore | E24: 쟈도르 | F24: EDP | G24: Pear, Bergamot, Magnolia | H24: Jasmine, Rose | I24: Musk, Vanilla, Cedar | K24: whiteFloral | L24: floral, fruity | M24: elegant, sweet, soft, lovely | O24: medium | P24: mid | Q24: 사계절 · 데이트 | R24: 과즙 같은 첫 향과 우아한 하얀 꽃 향 | S24: 몇 시간 뒤엔 부드러운 머스크와 바닐라가 남아요 | T24: 꽃 향이 진한 정도를 손목에서 확인해 보세요 | Y24: 디올 뷰티 백화점 | Z24: [확인 필요] | AC24: AI 초안 (공식 확인 전) | AD24: 노트·농도 공식 확인 / 국내 정가 / 이미지 / 시향 가능 채널
A25: gucci-bloom | B25: Gucci | C25: 구찌 | D25: Bloom | E25: 블룸 | F25: EDP | G25: Jasmine | H25: Tuberose | I25: Rangoon Creeper | K25: whiteFloral | L25: floral | M25: elegant, soft, lovely | N25: heavyFloral | O25: medium | P25: mid | Q25: 봄·가을 · 데이트 | R25: 하얀 꽃이 가득한 정원 같은 진한 꽃 향 | S25: 시간이 지나도 꽃 향이 은은하게 이어져요 | T25: 꽃 향이 진한 편이라 호불호가 있는지 확인해 보세요 | Y25: 구찌 뷰티 백화점 | Z25: [확인 필요] | AC25: AI 초안 (공식 확인 전) | AD25: 노트·농도 공식 확인 / 국내 정가 / 이미지 / 시향 가능 채널
A26: diptyque-do-son | B26: Diptyque | C26: 딥티크 | D26: Do Son | E26: 도 손 | F26: EDT | G26: Orange Blossom, Pink Pepper | H26: Tuberose, Jasmine | I26: Iris, Musk | K26: whiteFloral | L26: powdery, musk | M26: elegant, soft, calm | O26: medium | P26: mid | Q26: 여름 · 저녁 | R26: 달콤한 하얀 꽃과 보송한 머스크가 어우러진 향 | S26: 시간이 지나면 보송한 분내가 잔잔하게 남아요 | T26: 튜베로즈의 진함이 부담스럽지 않은지 맡아보세요 | Y26: 딥티크 백화점 | Z26: [확인 필요] | AC26: AI 초안 (공식 확인 전) | AD26: 노트·농도 공식 확인 / 국내 정가 / 이미지 / 시향 가능 채널
A27: chanel-no5-edp | B27: Chanel | C27: 샤넬 | D27: N°5 | E27: N°5 | F27: EDP | G27: Aldehydes, Neroli, Bergamot | H27: Jasmine, Rose, Ylang-Ylang, Iris | I27: Sandalwood, Vetiver, Vanilla, Amber | K27: whiteFloral | L27: powdery, musk | M27: elegant, calm | N27: powdery, heavyFloral | O27: medium | P27: high | Q27: 가을·겨울 · 격식 | R27: 비누처럼 반짝이는 꽃 향의 클래식 | S27: 시간이 지나면 보송한 파우더 느낌이 남아요 | T27: 첫 향의 알데하이드가 낯설지 않은지 확인해 보세요 | Y27: 샤넬 뷰티 백화점 | Z27: [확인 필요] | AC27: AI 초안 (공식 확인 전) | AD27: 노트·농도 공식 확인 / 국내 정가 / 이미지 / 시향 가능 채널
A28: prada-infusion-d-iris | B28: Prada | C28: 프라다 | D28: Infusion d'Iris | E28: 인퓨전 디리스 | F28: EDP | G28: Mandarin, Galbanum, Neroli | H28: Iris | I28: Benzoin, Vetiver, Cedar, Incense | K28: powdery | L28: green, woody | M28: calm, soft, elegant | N28: powdery | O28: medium | P28: mid | Q28: 사계절 · 출근 | R28: 아이리스의 보송하고 깨끗한 분 향 | S28: 시간이 지나면 부드러운 나무와 인센스가 남아요 | T28: 보송한 분 느낌이 얼마나 강한지 맡아보세요 | Y28: 프라다 뷰티 백화점 | Z28: [확인 필요] | AC28: AI 초안 (공식 확인 전) | AD28: 노트·농도 공식 확인 / 국내 정가 / 이미지 / 시향 가능 채널
A29: dior-homme-intense | B29: Dior | C29: 디올 | D29: Dior Homme Intense | E29: 디올 옴므 앵땅스 | F29: EDP | G29: Lavender, Pear | H29: Iris, Ambrette, Cacao | I29: Cedar, Vetiver | K29: powdery | L29: woody, gourmand | M29: calm, deep, soft | N29: powdery | O29: medium | P29: mid | Q29: 가을·겨울 · 저녁 | R29: 아이리스와 카카오가 어우러진 부드럽고 깊은 향 | S29: 몇 시간 뒤엔 차분한 나무 향이 남아요 | T29: 아이리스의 분 느낌과 카카오의 달콤함을 맡아보세요 | Y29: 디올 뷰티 백화점 | Z29: [확인 필요] | AC29: AI 초안 (공식 확인 전) | AD29: 노트·농도 공식 확인 / 국내 정가 / 이미지 / 시향 가능 채널
A30: chloe-edp | B30: Chloé | C30: 끌로에 | D30: Chloé Eau de Parfum | E30: 끌로에 오 드 퍼퓸 | F30: EDP | G30: Peony, Lychee, Freesia | H30: Rose, Lily of the Valley, Magnolia | I30: Cedar, Amber | K30: powdery | L30: floral | M30: soft, elegant, calm, lovely | N30: powdery | O30: medium | P30: low | Q30: 봄·가을 · 데일리 | R30: 보송한 장미와 작약의 부드러운 꽃 향 | S30: 몇 시간 뒤엔 은은한 장미와 나무 향이 남아요 | T30: 장미 향이 분 향처럼 느껴지는지 맡아보세요 | Y30: 끌로에 향수 백화점 | Z30: [확인 필요] | AC30: AI 초안 (공식 확인 전) | AD30: 노트·농도 공식 확인 / 국내 정가 / 이미지 / 시향 가능 채널
A31: byredo-blanche | B31: Byredo | C31: 바이레도 | D31: Blanche | E31: 블랑쉬 | F31: EDP | G31: Aldehydes, Pink Pepper | H31: White Rose, Peony, Violet | I31: Musk, Sandalwood | K31: musk | L31: floral | M31: clean, soft, calm | O31: light | P31: low | Q31: 사계절 · 데일리 | R31: 갓 빨아 말린 하얀 시트 같은 깨끗한 향 | S31: 몇 시간 뒤엔 보송한 머스크가 피부에 남아요 | T31: 깨끗한 비누 느낌이 오래가는지 확인해 보세요 | U31: 50 | V31: 305000 | W31: 2026-10-07 | X31: https://www.byredo.com/ko_kr/p/blanche-eau-de-parfum | Y31: 바이레도 백화점 | Z31: [확인 필요] | AA31: byredo-blanche.jpg | AB31: https://www.byredo.com/ko_kr/p/blanche-eau-de-parfum | AC31: AI 초안 (공식 확인 전) | AD31: 노트·농도 공식 확인 / 시향 가능 채널 (가격·이미지는 공식 페이지에서 반영됨)
A32: maison-margiela-replica-lazy-sunday-morning | B32: Maison Margiela | C32: 메종 마르지엘라 | D32: Replica Lazy Sunday Morning | E32: 레플리카 레이지 선데이 모닝 | F32: EDT | G32: Pear, Lily of the Valley | H32: Rose, Iris | I32: White Musk, Patchouli | K32: musk | L32: powdery, fruity | M32: clean, soft, cozy | O32: light | P32: low | Q32: 사계절 · 휴일 | R32: 햇살 드는 침대 시트 같은 포근하고 깨끗한 향 | S32: 시간이 지나면 보송한 머스크가 오래 남아요 | T32: 첫 향의 배와 은방울꽃이 머스크로 이어지는지 맡아보세요 | U32: 100 | V32: 240000 | W32: 2026-10-07 | X32: https://www.maisonmargiela.com/ko-kr/%EB%A0%88%ED%94%8C%EB%A6%AC%EC%B9%B4-%EB%A0%88%EC%9D%B4%EC%A7%80-%EC%84%A0%EB%8D%B0%EC%9D%B4-%EB%AA%A8%EB%8B%9D-%EC%98%A4-%EB%93%9C-%EB%9A%9C%EC%99%88%EB%A0%9B-S33YX0018S10932001.html | Y32: 메종 마르지엘라 레플리카 백화점 | Z32: [확인 필요] | AA32: maison-margiela-replica-lazy-sunday-morning.jpg | AB32: https://www.maisonmargiela.com/ko-kr/%EB%A0%88%ED%94%8C%EB%A6%AC%EC%B9%B4-%EB%A0%88%EC%9D%B4%EC%A7%80-%EC%84%A0%EB%8D%B0%EC%9D%B4-%EB%AA%A8%EB%8B%9D-%EC%98%A4-%EB%93%9C-%EB%9A%9C%EC%99%88%EB%A0%9B-S33YX0018S10932001.html | AC32: AI 초안 (공식 확인 전) | AD32: 노트·농도 공식 확인 / 시향 가능 채널 (가격·이미지는 공식 페이지에서 반영됨)
A33: narciso-rodriguez-for-her-edp | B33: Narciso Rodriguez | C33: 나르시소 로드리게즈 | D33: For Her Eau de Parfum | E33: 포 허 오 드 퍼퓸 | F33: EDP | G33: Orange Blossom, Osmanthus | H33: Rose | I33: Musk, Amber, Patchouli | K33: musk | L33: floral, amber | M33: soft, elegant, warm | O33: medium | P33: mid | Q33: 사계절 · 데이트 | R33: 꽃 향이 살결 같은 머스크에 스며든 향 | S33: 몇 시간 뒤엔 따뜻한 머스크가 오래 남아요 | T33: 머스크가 포근한지 답답한지 손목에서 확인해 보세요 | Y33: 나르시소 로드리게즈 백화점 | Z33: [확인 필요] | AC33: AI 초안 (공식 확인 전) | AD33: 노트·농도 공식 확인 / 국내 정가 / 이미지 / 시향 가능 채널
A34: diptyque-fleur-de-peau | B34: Diptyque | C34: 딥티크 | D34: Fleur de Peau | E34: 플뢰르 드 뽀 | F34: EDP | G34: Bergamot, Pink Pepper | H34: Iris, Rose | I34: Ambrette, Musk | K34: musk | L34: powdery | M34: soft, clean, calm | O34: medium | P34: mid | Q34: 사계절 · 저녁 | R34: 맨살의 온기 같은 보송한 머스크 | S34: 시간이 지나면 부드러운 피부 향처럼 남아요 | T34: 머스크가 깨끗하게 느껴지는지 맡아보세요 | Y34: 딥티크 백화점 | Z34: [확인 필요] | AC34: AI 초안 (공식 확인 전) | AD34: 노트·농도 공식 확인 / 국내 정가 / 이미지 / 시향 가능 채널
A35: maison-margiela-replica-beach-walk | B35: Maison Margiela | C35: 메종 마르지엘라 | D35: Replica Beach Walk | E35: 레플리카 비치 워크 | F35: EDT | G35: Bergamot, Lemon, Pink Pepper | H35: Coconut Milk, Heliotrope, Ylang-Ylang | I35: Musk, Cedar, Benzoin | K35: musk | L35: gourmand, citrus | M35: fresh, warm, sweet | O35: light | P35: low | Q35: 여름 · 휴가 | R35: 선크림과 코코넛이 어우러진 휴양지 같은 향 | S35: 시간이 지나면 부드럽고 달콤한 머스크가 남아요 | T35: 첫 향의 시트러스가 코코넛으로 바뀌는 순간을 맡아보세요 | Y35: 메종 마르지엘라 레플리카 백화점 | Z35: [확인 필요] | AC35: AI 초안 (공식 확인 전) | AD35: 노트·농도 공식 확인 / 국내 정가 / 이미지 / 시향 가능 채널
A36: hermes-terre-d-hermes-edt | B36: Hermès | C36: 에르메스 | D36: Terre d'Hermès | E36: 테르 데르메스 | F36: EDT | G36: Orange, Grapefruit | H36: Pepper, Geranium, Flint | I36: Vetiver, Patchouli, Benzoin, Cedar | K36: spicy | L36: woody, citrus | M36: deep, calm, warm | O36: medium | P36: mid | Q36: 사계절 · 출근 | R36: 오렌지와 후추, 흙냄새 나는 나무 향이 어우러진 향 | S36: 몇 시간 뒤엔 차분한 베티버와 나무 향이 남아요 | T36: 첫 향의 후추와 광물 느낌이 낯설지 않은지 확인해 보세요 | Y36: 에르메스 뷰티 백화점 | Z36: [확인 필요] | AC36: AI 초안 (공식 확인 전) | AD36: 노트·농도 공식 확인 / 국내 정가 / 이미지 / 시향 가능 채널
A37: hermes-twilly-d-hermes | B37: Hermès | C37: 에르메스 | D37: Twilly d'Hermès | E37: 트윌리 데르메스 | F37: EDP | G37: Ginger | H37: Tuberose | I37: Sandalwood | K37: spicy | L37: whiteFloral, woody | M37: warm, elegant, fresh | O37: medium | P37: mid | Q37: 사계절 · 데일리 | R37: 톡 쏘는 생강과 하얀 꽃이 만난 발랄한 향 | S37: 시간이 지나면 부드러운 샌달우드가 남아요 | T37: 생강의 알싸함과 꽃 향의 조화를 맡아보세요 | Y37: 에르메스 뷰티 백화점 | Z37: [확인 필요] | AC37: AI 초안 (공식 확인 전) | AD37: 노트·농도 공식 확인 / 국내 정가 / 이미지 / 시향 가능 채널
A38: le-labo-santal-33 | B38: Le Labo | C38: 르 라보 | D38: Santal 33 | E38: 상탈 33 | F38: EDP | G38: Cardamom, Violet | H38: Iris, Papyrus | I38: Sandalwood, Cedar, Leather, Ambroxan | K38: woody | L38: leather, spicy | M38: deep, calm, warm, sensual | N38: tooStrong | O38: strong | P38: high | Q38: 가을·겨울 · 저녁 | R38: 가죽과 샌달우드가 어우러진 진하고 건조한 나무 향 | S38: 시간이 지나도 나무와 가죽 향이 오래 남아요 | T38: 향이 진하니 한 번만 뿌려 시간이 지나며 변화를 확인해 보세요 | U38: 50 | V38: 319000 | W38: 2026-10-07 | X38: https://www.lelabofragrances.co.kr/santal-33-987.html | Y38: 르 라보 백화점 | Z38: [확인 필요] | AA38: le-labo-santal-33.jpg | AB38: https://www.lelabofragrances.co.kr/santal-33-987.html | AC38: AI 초안 (공식 확인 전) | AD38: 노트·농도 공식 확인 / 시향 가능 채널 (가격·이미지는 공식 페이지에서 반영됨)
A39: diptyque-tam-dao | B39: Diptyque | C39: 딥티크 | D39: Tam Dao | E39: 탐 다오 | F39: EDP | G39: Cypress, Rosewood | H39: Sandalwood | I39: Cedar, Amber | K39: woody | L39: amber | M39: calm, cozy, deep | O39: medium | P39: low | Q39: 가을·겨울 · 휴식 | R39: 숲속 오두막 같은 포근한 샌달우드 향 | S39: 시간이 지나면 부드러운 나무 향이 따뜻하게 남아요 | T39: 첫 향의 사이프러스가 샌달우드로 바뀌는 흐름을 맡아보세요 | Y39: 딥티크 백화점 | Z39: [확인 필요] | AC39: AI 초안 (공식 확인 전) | AD39: 노트·농도 공식 확인 / 국내 정가 / 이미지 / 시향 가능 채널
A40: tom-ford-oud-wood | B40: Tom Ford | C40: 톰 포드 | D40: Oud Wood | E40: 우드 우드 | F40: EDP | G40: Rosewood, Cardamom, Pepper | H40: Oud, Sandalwood | I40: Vetiver, Tonka Bean, Amber | K40: woody | L40: spicy, amber | M40: deep, warm, elegant, sensual | N40: tooStrong | O40: strong | P40: high | Q40: 가을·겨울 · 저녁 | R40: 고급스럽고 진한 침향과 샌달우드 향 | S40: 시간이 지나도 우디한 향이 오래 남아요 | T40: 우드 향의 진함이 부담스러운지 확인해 보세요 | Y40: 톰 포드 뷰티 백화점 | Z40: [확인 필요] | AC40: AI 초안 (공식 확인 전) | AD40: 노트·농도 공식 확인 / 국내 정가 / 이미지 / 시향 가능 채널
A41: byredo-gypsy-water | B41: Byredo | C41: 바이레도 | D41: Gypsy Water | E41: 집시 워터 | F41: EDP | G41: Bergamot, Lemon, Pepper, Juniper Berries | H41: Incense, Pine Needles, Iris | I41: Amber, Vanilla, Sandalwood | K41: woody | L41: aromatic, amber | M41: calm, cozy, soft | O41: medium | P41: low | Q41: 사계절 · 산책 | R41: 소나무 숲과 모닥불 같은 포근하고 상쾌한 향 | S41: 시간이 지나면 부드러운 바닐라와 나무 향이 남아요 | T41: 솔잎의 상쾌함이 바닐라로 이어지는지 맡아보세요 | U41: 50 | V41: 305000 | W41: 2026-10-07 | X41: https://www.byredo.com/ko_kr/p/gypsy-water-eau-de-parfum | Y41: 바이레도 백화점 | Z41: [확인 필요] | AA41: byredo-gypsy-water.jpg | AB41: https://www.byredo.com/ko_kr/p/gypsy-water-eau-de-parfum | AC41: AI 초안 (공식 확인 전) | AD41: 노트·농도 공식 확인 / 시향 가능 채널 (가격·이미지는 공식 페이지에서 반영됨)
A42: mfk-baccarat-rouge-540 | B42: Maison Francis Kurkdjian | C42: 메종 프란시스 커정 | D42: Baccarat Rouge 540 | E42: 바카라 루쥬 540 | F42: EDP | G42: Saffron, Jasmine | H42: Amberwood, Ambergris | I42: Fir Resin, Cedar | K42: amber | L42: woody, whiteFloral | M42: warm, elegant, sweet, sensual | N42: tooSweet | O42: strong | P42: mid | Q42: 가을·겨울 · 저녁 | R42: 설탕을 녹인 듯 달콤하고 따뜻한 앰버 향 | S42: 시간이 지나도 달콤한 앰버가 옷에 오래 남아요 | T42: 달콤함이 부담스럽지 않은지 확인해 보세요 | Y42: 메종 프란시스 커정 백화점 | Z42: [확인 필요] | AC42: AI 초안 (공식 확인 전) | AD42: 노트·농도 공식 확인 / 국내 정가 / 이미지 / 시향 가능 채널
A43: guerlain-shalimar-edp | B43: Guerlain | C43: 겔랑 | D43: Shalimar | E43: 샬리마르 | F43: EDP | G43: Bergamot, Lemon, Mandarin | H43: Iris, Jasmine, Rose | I43: Vanilla, Tonka Bean, Incense | K43: amber | L43: gourmand, leather | M43: warm, deep, elegant, sensual | N43: tooStrong | O43: strong | P43: high | Q43: 가을·겨울 · 저녁 | R43: 바닐라와 인센스가 어우러진 고전적이고 진한 향 | S43: 시간이 지나도 달콤한 바닐라 향이 길게 남아요 | T43: 향이 진하니 잔향까지 충분히 맡아보세요 | Y43: 겔랑 향수 백화점 | Z43: [확인 필요] | AC43: AI 초안 (공식 확인 전) | AD43: 노트·농도 공식 확인 / 국내 정가 / 이미지 / 시향 가능 채널
A44: ysl-libre-edp | B44: Yves Saint Laurent | C44: 입생로랑 | D44: Libre Eau de Parfum | E44: 리브르 오 드 퍼퓸 | F44: EDP | G44: Mandarin, Blackcurrant | H44: Lavender, Orange Blossom, Jasmine | I44: Vanilla, Musk, Cedar | K44: amber | L44: aromatic, whiteFloral | M44: warm, elegant, soft | O44: medium | P44: mid | Q44: 사계절 · 데이트 | R44: 라벤더와 오렌지 꽃에 바닐라가 더해진 따뜻한 향 | S44: 시간이 지나면 부드러운 바닐라와 머스크가 남아요 | T44: 라벤더와 바닐라가 어우러지는 흐름을 맡아보세요 | Y44: 입생로랑 뷰티 백화점 | Z44: [확인 필요] | AC44: AI 초안 (공식 확인 전) | AD44: 노트·농도 공식 확인 / 국내 정가 / 이미지 / 시향 가능 채널
A45: ysl-black-opium | B45: Yves Saint Laurent | C45: 입생로랑 | D45: Black Opium | E45: 블랙 오피움 | F45: EDP | G45: Pear, Pink Pepper, Orange Blossom | H45: Coffee, Jasmine | I45: Vanilla, Cedar, Patchouli | K45: gourmand | L45: spicy, amber | M45: sweet, deep, warm, sensual | N45: tooSweet, tooStrong | O45: strong | P45: mid | Q45: 가을·겨울 · 저녁 | R45: 달콤한 바닐라와 진한 커피가 만난 향 | S45: 시간이 지나도 달콤한 바닐라 향이 오래 남아요 | T45: 커피와 바닐라의 달콤함이 부담스럽지 않은지 확인해 보세요 | Y45: 입생로랑 뷰티 백화점 | Z45: [확인 필요] | AC45: AI 초안 (공식 확인 전) | AD45: 노트·농도 공식 확인 / 국내 정가 / 이미지 / 시향 가능 채널
A46: lancome-la-vie-est-belle | B46: Lancôme | C46: 랑콤 | D46: La Vie Est Belle | E46: 라 비 에 벨 | F46: EDP | G46: Blackcurrant, Pear | H46: Iris, Jasmine, Orange Blossom | I46: Praline, Vanilla, Patchouli, Tonka Bean | K46: gourmand | L46: powdery, floral | M46: sweet, cozy, elegant, lovely | N46: tooSweet | O46: medium | P46: mid | Q46: 가을·겨울 · 데일리 | R46: 과일과 프랄린이 어우러진 달콤하고 포근한 향 | S46: 시간이 지나면 고소한 달콤함이 남아요 | T46: 달콤한 첫 향이 프랄린으로 이어지는지 맡아보세요 | Y46: 랑콤 뷰티 백화점 | Z46: [확인 필요] | AC46: AI 초안 (공식 확인 전) | AD46: 노트·농도 공식 확인 / 국내 정가 / 이미지 / 시향 가능 채널
A47: kilian-angels-share | B47: Kilian Paris | C47: 킬리안 파리 | D47: Angels' Share | E47: 엔젤스 셰어 | F47: EDP | G47: Cognac, Cinnamon | H47: Tonka Bean, Oak | I47: Praline, Vanilla, Sandalwood | K47: gourmand | L47: amber, spicy | M47: warm, cozy, deep, sensual | N47: tooSweet, tooStrong | O47: strong | P47: mid | Q47: 가을·겨울 · 저녁 | R47: 코냑과 계피, 바닐라가 따뜻하게 어우러진 향 | S47: 시간이 지나도 달콤한 술 향이 포근하게 남아요 | T47: 술 향 같은 달콤함이 진한 편이니 한 번에 길게 맡아보세요 | Y47: 킬리안 파리 백화점 | Z47: [확인 필요] | AC47: AI 초안 (공식 확인 전) | AD47: 노트·농도 공식 확인 / 국내 정가 / 이미지 / 시향 가능 채널
A48: mugler-angel | B48: Mugler | C48: 뮈글러 | D48: Angel | E48: 엔젤 | F48: EDP | G48: Bergamot, Coconut | H48: Honey, Jasmine | I48: Patchouli, Chocolate, Caramel, Vanilla | K48: gourmand | L48: amber | M48: sweet, deep, warm, sensual | N48: tooSweet, tooStrong, headache | O48: strong | P48: high | Q48: 가을·겨울 · 저녁 | R48: 초콜릿과 카라멜이 가득한 아주 달콤하고 진한 향 | S48: 시간이 지나도 달콤한 향이 매우 오래 남아요 | T48: 향이 매우 진하니 소량만 뿌려 맡아보세요 | Y48: 뮈글러 엔젤 백화점 | Z48: [확인 필요] | AC48: AI 초안 (공식 확인 전) | AD48: 노트·농도 공식 확인 / 국내 정가 / 이미지 / 시향 가능 채널
A49: maison-margiela-replica-by-the-fireplace | B49: Maison Margiela | C49: 메종 마르지엘라 | D49: Replica By the Fireplace | E49: 레플리카 바이 더 파이어플레이스 | F49: EDT | G49: Clove, Pink Pepper, Orange Blossom | H49: Chestnut, Guaiac Wood | I49: Vanilla, Cashmeran | K49: leather | L49: gourmand, woody, spicy | M49: cozy, warm, deep | N49: smoky | O49: medium | P49: mid | Q49: 가을·겨울 · 저녁 | R49: 벽난로 앞에서 군밤을 굽는 듯한 따뜻하고 스모키한 향 | S49: 시간이 지나면 포근한 바닐라와 나무 향이 남아요 | T49: 스모키한 느낌이 얼마나 되는지 맡아보세요 | U49: 100 | V49: 240000 | W49: 2026-10-07 | X49: https://www.maisonmargiela.com/ko-kr/replica-by-the-fireplace-eau-de-toilette-%7C-maison-margiela-S33YX0024S11331961.html | Y49: 메종 마르지엘라 레플리카 백화점 | Z49: [확인 필요] | AA49: maison-margiela-replica-by-the-fireplace.jpg | AB49: https://www.maisonmargiela.com/ko-kr/replica-by-the-fireplace-eau-de-toilette-%7C-maison-margiela-S33YX0024S11331961.html | AC49: AI 초안 (공식 확인 전) | AD49: 노트·농도 공식 확인 / 시향 가능 채널 (가격·이미지는 공식 페이지에서 반영됨)
A50: maison-margiela-replica-jazz-club | B50: Maison Margiela | C50: 메종 마르지엘라 | D50: Replica Jazz Club | E50: 레플리카 재즈 클럽 | F50: EDT | G50: Pink Pepper, Lemon, Neroli | H50: Rum, Vetiver, Clary Sage | I50: Tobacco Leaf, Vanilla, Styrax | K50: leather | L50: gourmand, amber | M50: deep, cozy, warm, sensual | N50: smoky | O50: medium | P50: mid | Q50: 가을·겨울 · 저녁 | R50: 술 한 잔과 담배 향이 어우러진 재즈바 같은 향 | S50: 시간이 지나면 달콤한 담배와 바닐라가 남아요 | T50: 럼과 담배 잎의 조화를 맡아보세요 | Y50: 메종 마르지엘라 레플리카 백화점 | Z50: [확인 필요] | AC50: AI 초안 (공식 확인 전) | AD50: 노트·농도 공식 확인 / 국내 정가 / 이미지 / 시향 가능 채널
A51: tom-ford-tobacco-vanille | B51: Tom Ford | C51: 톰 포드 | D51: Tobacco Vanille | E51: 토바코 바닐 | F51: EDP | G51: Tobacco Leaf, Spices | H51: Vanilla, Cacao, Tonka Bean | I51: Dried Fruits, Woody Notes | K51: leather | L51: gourmand, spicy | M51: deep, warm, cozy, sensual | N51: tooStrong, smoky | O51: strong | P51: high | Q51: 가을·겨울 · 저녁 | R51: 달콤한 바닐라와 담뱃잎이 어우러진 깊고 진한 향 | S51: 시간이 지나도 달콤한 담배 향이 오래 남아요 | T51: 향이 매우 진하니 소량만 뿌려 맡아보세요 | Y51: 톰 포드 뷰티 백화점 | Z51: [확인 필요] | AC51: AI 초안 (공식 확인 전) | AD51: 노트·농도 공식 확인 / 국내 정가 / 이미지 / 시향 가능 채널
A52: le-labo-another-13 | B52: Le Labo | C52: 르 라보 | D52: Another 13 | E52: 어나더 13 | F52: EDP | G52: Ambrette, Jasmine | H52: Oakmoss | I52: Ambroxan, Musk | K52: musk | L52: whiteFloral, woody | M52: clean, soft, calm | O52: medium | P52: mid | Q52: 사계절 · 데일리 | R52: 깨끗한 피부 같은 투명한 머스크 향 | S52: 시간이 지나도 깨끗한 머스크가 피부에 오래 남아요 | T52: 첫 향이 얼마나 투명한지, 머스크가 부담스럽지 않은지 맡아보세요 | U52: 50 | V52: 319000 | W52: 2026-10-07 | X52: https://www.lelabofragrances.co.kr/another-13-747.html | Y52: 르 라보 백화점 | Z52: [확인 필요] | AA52: le-labo-another-13.jpg | AB52: https://www.lelabofragrances.co.kr/another-13-747.html | AC52: AI 초안 (공식 확인 전) | AD52: 노트·농도 공식 확인 / 시향 가능 채널 (가격·이미지는 공식 페이지에서 반영됨)
A53: le-labo-rose-31 | B53: Le Labo | C53: 르 라보 | D53: Rose 31 | E53: 로즈 31 | F53: EDP | G53: Rose, Cumin | H53: Cedar, Guaiac Wood | I53: Incense, Amber, Oud | K53: floral | L53: woody, spicy, leather | M53: deep, warm, elegant, sensual | N53: tooStrong, smoky | O53: strong | P53: high | Q53: 가을·겨울 · 저녁 | R53: 장미에 향신료와 연기를 더한 어둡고 진한 향 | S53: 시간이 지나도 스모키한 나무 향이 길게 남아요 | T53: 장미 향이 달콤하지 않고 스모키한지 확인해 보세요 | U53: 50 | V53: 319000 | W53: 2026-10-07 | X53: https://www.lelabofragrances.co.kr/rose-31-962.html | Y53: 르 라보 백화점 | Z53: [확인 필요] | AA53: le-labo-rose-31.jpg | AB53: https://www.lelabofragrances.co.kr/rose-31-962.html | AC53: AI 초안 (공식 확인 전) | AD53: 노트·농도 공식 확인 / 시향 가능 채널 (가격·이미지는 공식 페이지에서 반영됨)
A54: le-labo-the-noir-29 | B54: Le Labo | C54: 르 라보 | D54: Thé Noir 29 | E54: 떼 누아 29 | F54: EDP | G54: Bergamot, Fig | H54: Tea, Tobacco Leaf | I54: Vetiver, Cedar, Musk | K54: green | L54: leather, woody | M54: calm, cozy, deep | O54: medium | P54: mid | Q54: 가을·겨울 · 휴식 | R54: 홍차와 무화과, 담뱃잎이 어우러진 차분한 향 | S54: 시간이 지나면 차분한 나무와 머스크가 남아요 | T54: 홍차 향이 담배 느낌으로 이어지는지 맡아보세요 | U54: 50 | V54: 319000 | W54: 2026-10-07 | X54: https://www.lelabofragrances.co.kr/th-noir-29-1003.html | Y54: 르 라보 백화점 | Z54: [확인 필요] | AA54: le-labo-the-noir-29.jpg | AB54: https://www.lelabofragrances.co.kr/th-noir-29-1003.html | AC54: AI 초안 (공식 확인 전) | AD54: 노트·농도 공식 확인 / 시향 가능 채널 (가격·이미지는 공식 페이지에서 반영됨)
A55: le-labo-bergamote-22 | B55: Le Labo | C55: 르 라보 | D55: Bergamote 22 | E55: 베르가못 22 | F55: EDP | G55: Bergamot, Grapefruit | H55: Orange Blossom | I55: Cedar, Musk, Amber | K55: citrus | L55: musk | M55: fresh, clean, zesty | O55: medium | P55: low | Q55: 봄·여름 · 데일리 | R55: 깔끔한 베르가못에 머스크가 감싸는 향 | S55: 몇 시간 뒤엔 부드러운 머스크와 나무 향이 남아요 | T55: 시트러스가 오래 가는지 확인해 보세요 | U55: 50 | V55: 319000 | W55: 2026-10-07 | X55: https://www.lelabofragrances.co.kr/bergamote-22-771.html | Y55: 르 라보 백화점 | Z55: [확인 필요] | AA55: le-labo-bergamote-22.jpg | AB55: https://www.lelabofragrances.co.kr/bergamote-22-771.html | AC55: AI 초안 (공식 확인 전) | AD55: 노트·농도 공식 확인 / 시향 가능 채널 (가격·이미지는 공식 페이지에서 반영됨)
A56: kilian-love-dont-be-shy | B56: Kilian Paris | C56: 킬리안 파리 | D56: Love, Don't Be Shy | E56: 러브 돈트 비 샤이 | F56: EDP | G56: Neroli, Orange Blossom | H56: Rose, Marshmallow | I56: Vanilla, Musk | K56: gourmand | L56: whiteFloral | M56: sweet, soft, elegant | N56: tooSweet | O56: strong | P56: mid | Q56: 가을·겨울 · 데이트 | R56: 마시멜로처럼 폭신하고 달콤한 꽃 향 | S56: 시간이 지나도 달콤한 바닐라 머스크가 길게 남아요 | T56: 설탕 같은 달콤함이 부담스럽지 않은지 확인해 보세요 | Y56: 킬리안 파리 백화점 | Z56: [확인 필요] | AC56: AI 초안 (공식 확인 전) | AD56: 노트·농도 공식 확인 / 국내 정가 / 이미지 / 시향 가능 채널
A57: kilian-black-phantom | B57: Kilian Paris | C57: 킬리안 파리 | D57: Black Phantom | E57: 블랙 팬텀 | F57: EDP | G57: Rum, Coffee | H57: Cacao, Caramel | I57: Sandalwood, Musk, Vanilla | K57: gourmand | L57: woody, leather | M57: deep, sweet, warm, sensual | N57: tooSweet, tooStrong | O57: strong | P57: high | Q57: 가을·겨울 · 저녁 | R57: 럼과 커피, 초콜릿이 어우러진 진하고 달콤한 향 | S57: 시간이 지나도 달콤한 우디 향이 오래 남아요 | T57: 달콤함과 쌉쌀함의 균형을 맡아보세요 | Y57: 킬리안 파리 백화점 | Z57: [확인 필요] | AC57: AI 초안 (공식 확인 전) | AD57: 노트·농도 공식 확인 / 국내 정가 / 이미지 / 시향 가능 채널
A58: creed-aventus | B58: Creed | C58: 크리드 | D58: Aventus | E58: 어벤투스 | F58: EDP | G58: Bergamot, Blackcurrant, Apple, Pineapple | H58: Jasmine, Birch, Patchouli | I58: Oakmoss, Musk, Ambergris, Vanilla | K58: fruity | L58: woody, musk | M58: fresh, deep, elegant | O58: strong | P58: mid | Q58: 사계절 · 격식 | R58: 파인애플과 스모키한 나무 향이 어우러진 자신감 있는 향 | S58: 시간이 지나면 이끼와 머스크가 깔끔하게 남아요 | T58: 첫 향의 파인애플이 스모키하게 변하는 흐름을 맡아보세요 | Y58: 크리드 백화점 | Z58: [확인 필요] | AC58: AI 초안 (공식 확인 전) | AD58: 노트·농도 공식 확인 / 국내 정가 / 이미지 / 시향 가능 채널
A59: creed-green-irish-tweed | B59: Creed | C59: 크리드 | D59: Green Irish Tweed | E59: 그린 아이리시 트위드 | F59: EDP | G59: Lemon, Verbena | H59: Iris, Violet Leaf | I59: Sandalwood, Ambergris, Musk | K59: green | L59: citrus, aromatic | M59: fresh, clean, cool | O59: medium | P59: low | Q59: 봄·여름 · 출근 | R59: 아침 풀밭 같은 싱그럽고 깨끗한 초록 향 | S59: 몇 시간 뒤엔 부드러운 나무와 머스크가 남아요 | T59: 레몬 버베나의 풋풋함이 얼마나 가는지 확인해 보세요 | Y59: 크리드 백화점 | Z59: [확인 필요] | AC59: AI 초안 (공식 확인 전) | AD59: 노트·농도 공식 확인 / 국내 정가 / 이미지 / 시향 가능 채널
A60: creed-silver-mountain-water | B60: Creed | C60: 크리드 | D60: Silver Mountain Water | E60: 실버 마운틴 워터 | F60: EDP | G60: Bergamot, Mandarin | H60: Green Tea, Blackcurrant | I60: Sandalwood, Musk | K60: aqua | L60: citrus, green | M60: cool, fresh, clean | O60: medium | P60: low | Q60: 여름 · 데일리 | R60: 눈 덮인 산의 맑은 물 같은 시원하고 투명한 향 | S60: 시간이 지나면 깨끗한 머스크와 나무 향이 남아요 | T60: 시원한 첫 향이 차 향으로 이어지는지 맡아보세요 | Y60: 크리드 백화점 | Z60: [확인 필요] | AC60: AI 초안 (공식 확인 전) | AD60: 노트·농도 공식 확인 / 국내 정가 / 이미지 / 시향 가능 채널
A61: creed-millesime-imperial | B61: Creed | C61: 크리드 | D61: Millésime Impérial | E61: 밀레짐 임페리얼 | F61: EDP | G61: Bergamot, Lemon, Mandarin | H61: Sea Notes, Iris | I61: Musk, Sandalwood, Ambergris | K61: aqua | L61: citrus | M61: cool, fresh, clean | O61: medium | P61: low | Q61: 여름 · 출근 | R61: 햇살 아래 바다를 떠올리는 시트러스 향 | S61: 몇 시간 뒤엔 깨끗한 머스크와 가벼운 나무 향이 남아요 | T61: 시트러스와 바다 향의 균형을 맡아보세요 | Y61: 크리드 백화점 | Z61: [확인 필요] | AC61: AI 초안 (공식 확인 전) | AD61: 노트·농도 공식 확인 / 국내 정가 / 이미지 / 시향 가능 채널
A62: frederic-malle-portrait-of-a-lady | B62: Frédéric Malle | C62: 프레데릭 말 | D62: Portrait of a Lady | E62: 포트레이트 오브 어 레이디 | F62: EDP | G62: Rose, Blackcurrant, Raspberry | H62: Cinnamon, Clove | I62: Patchouli, Incense, Sandalwood, Musk, Benzoin | K62: floral | L62: spicy, woody, amber | M62: elegant, deep, warm, sensual | N62: tooStrong, heavyFloral | O62: strong | P62: high | Q62: 가을·겨울 · 격식 | R62: 깊고 진한 장미에 향신료와 인센스가 어우러진 향 | S62: 시간이 지나도 장미와 패출리가 아주 오래 남아요 | T62: 진한 장미 향이 부담스럽지 않은지 맡아보세요 | Y62: 프레데릭 말 백화점 | Z62: [확인 필요] | AC62: AI 초안 (공식 확인 전) | AD62: 노트·농도 공식 확인 / 국내 정가 / 이미지 / 시향 가능 채널
A63: frederic-malle-musc-ravageur | B63: Frédéric Malle | C63: 프레데릭 말 | D63: Musc Ravageur | E63: 뮈스크 라바쥐르 | F63: EDP | G63: Bergamot, Mandarin, Lavender | H63: Cinnamon, Clove | I63: Musk, Vanilla, Sandalwood, Amber, Cedar | K63: musk | L63: spicy, amber, gourmand | M63: warm, cozy, deep, sensual | N63: tooStrong | O63: strong | P63: high | Q63: 가을·겨울 · 저녁 | R63: 따뜻한 살결에 향신료와 바닐라가 스며든 향 | S63: 시간이 지나도 포근한 머스크가 오래 남아요 | T63: 머스크가 달콤하고 진한 정도를 확인해 보세요 | Y63: 프레데릭 말 백화점 | Z63: [확인 필요] | AC63: AI 초안 (공식 확인 전) | AD63: 노트·농도 공식 확인 / 국내 정가 / 이미지 / 시향 가능 채널
A64: frederic-malle-carnal-flower | B64: Frédéric Malle | C64: 프레데릭 말 | D64: Carnal Flower | E64: 카널 플라워 | F64: EDP | G64: Bergamot, Coconut | H64: Tuberose, Jasmine, Ylang-Ylang | I64: Musk, Sandalwood | K64: whiteFloral | L64: floral | M64: elegant, warm, sensual | N64: heavyFloral, tooStrong | O64: strong | P64: high | Q64: 여름 · 저녁 | R64: 튜베로즈가 가득 피어난 진하고 관능적인 꽃 향 | S64: 시간이 지나도 하얀 꽃 향이 크리미하게 남아요 | T64: 꽃 향의 진한 정도가 부담스럽지 않은지 확인해 보세요 | Y64: 프레데릭 말 백화점 | Z64: [확인 필요] | AC64: AI 초안 (공식 확인 전) | AD64: 노트·농도 공식 확인 / 국내 정가 / 이미지 / 시향 가능 채널
A65: frederic-malle-en-passant | B65: Frédéric Malle | C65: 프레데릭 말 | D65: En Passant | E65: 앙 파상 | F65: EDP | G65: Cucumber | H65: Lilac, Iris | I65: Sandalwood, Musk | K65: green | L65: floral, powdery | M65: fresh, soft, calm | N65: powdery | O65: light | P65: mid | Q65: 봄 · 산책 | R65: 봄날 라일락 길을 지나가는 듯한 싱그러운 향 | S65: 시간이 지나면 보송한 분내가 가볍게 남아요 | T65: 오이의 서늘함과 라일락의 보송함이 맞는지 맡아보세요 | Y65: 프레데릭 말 백화점 | Z65: [확인 필요] | AC65: AI 초안 (공식 확인 전) | AD65: 노트·농도 공식 확인 / 국내 정가 / 이미지 / 시향 가능 채널
A66: frederic-malle-lipstick-rose | B66: Frédéric Malle | C66: 프레데릭 말 | D66: Lipstick Rose | E66: 립스틱 로즈 | F66: EDP | G66: Raspberry, Rose | H66: Violet, Iris | I66: Musk, Vanilla | K66: powdery | L66: floral, fruity | M66: soft, elegant, sweet, lovely | N66: powdery | O66: medium | P66: mid | Q66: 봄·가을 · 데이트 | R66: 립스틱처럼 보송하고 달콤한 장미 향 | S66: 시간이 지나면 보송한 바닐라 머스크가 남아요 | T66: 화장품 같은 분 느낌이 마음에 드는지 확인해 보세요 | Y66: 프레데릭 말 백화점 | Z66: [확인 필요] | AC66: AI 초안 (공식 확인 전) | AD66: 노트·농도 공식 확인 / 국내 정가 / 이미지 / 시향 가능 채널
A67: annick-goutal-eau-d-hadrien | B67: Annick Goutal | C67: 아닉 구딸 | D67: Eau d'Hadrien | E67: 오 드 아드리앵 | F67: EDP | G67: Lemon, Grapefruit | H67: Cypress, Pine Needles | I67: Cedar | K67: citrus | L67: woody | M67: zesty, fresh, cool | O67: light | P67: low | Q67: 여름 · 데일리 | R67: 지중해 레몬 나무 같은 맑고 상큼한 향 | S67: 몇 시간 뒤엔 가벼운 시더 향만 남아요 | T67: 레몬과 사이프러스의 시원함을 맡아보세요 | Y67: 아닉 구딸 백화점 | Z67: [확인 필요] | AC67: AI 초안 (공식 확인 전) | AD67: 노트·농도 공식 확인 / 국내 정가 / 이미지 / 시향 가능 채널
A68: annick-goutal-petite-cherie | B68: Annick Goutal | C68: 아닉 구딸 | D68: Petite Chérie | E68: 쁘띠 셰리 | F68: EDP | G68: Pear, Peach | H68: Rose | I68: Musk, Vanilla, Patchouli | K68: fruity | L68: floral | M68: sweet, soft, fresh, lovely | O68: light | P68: low | Q68: 봄 · 데일리 | R68: 잘 익은 배와 복숭아에 장미가 어우러진 사랑스러운 향 | S68: 시간이 지나면 부드러운 머스크와 바닐라가 남아요 | T68: 과일 향이 달콤한 정도를 확인해 보세요 | Y68: 아닉 구딸 백화점 | Z68: [확인 필요] | AC68: AI 초안 (공식 확인 전) | AD68: 노트·농도 공식 확인 / 국내 정가 / 이미지 / 시향 가능 채널
A69: aesop-hwyl | B69: Aesop | C69: 이솝 | D69: Hwyl | E69: 휠 | F69: EDP | G69: Cypress, Hinoki | H69: Vetiver | I69: Incense, Oakmoss, Patchouli | K69: woody | L69: green | M69: calm, deep, fresh | O69: medium | P69: mid | Q69: 사계절 · 휴식 | R69: 숲속 사원 같은 고요하고 깊은 나무 향 | S69: 시간이 지나면 이끼와 인센스가 차분하게 남아요 | T69: 첫 향의 사이프러스가 이끼 향으로 변하는 흐름을 맡아보세요 | U69: 50 | V69: 245000 | W69: 2026-10-07 | X69: https://kr.aesop.com/kr/gifts/fragrant-gifts/silently--hwyl-eau-de-parfum/FR43.html | Y69: 이솝 매장 | Z69: [확인 필요] | AA69: aesop-hwyl.png | AB69: https://kr.aesop.com/kr/gifts/fragrant-gifts/silently--hwyl-eau-de-parfum/FR43.html | AC69: AI 초안 (공식 확인 전) | AD69: 노트·농도 공식 확인 / 시향 가능 채널 / 공식몰 한국 상품명: 사일런틀리, 휠 (Silently, Hwyl) (사용자 확인: 같은 제품)
A70: aesop-tacit | B70: Aesop | C70: 이솝 | D70: Tacit | E70: 타싯 | F70: EDP | G70: Yuzu, Mandarin, Basil | H70: Coriander | I70: Vetiver, Musk | K70: citrus | L70: green, aromatic | M70: fresh, clean, cool | O70: light | P70: low | Q70: 봄·여름 · 출근 | R70: 유자와 바질이 어우러진 맑고 쌉쌀한 시트러스 향 | S70: 시간이 지나면 가벼운 베티버가 은은하게 남아요 | T70: 유자의 쌉쌀함이 얼마나 가는지 확인해 보세요 | U70: 50 | V70: 245000 | W70: 2026-10-07 | X70: https://kr.aesop.com/kr/fragrance/fresh/tacit-truths-eau-de-parfum/FR41.html | Y70: 이솝 매장 | Z70: [확인 필요] | AA70: aesop-tacit.png | AB70: https://kr.aesop.com/kr/fragrance/fresh/tacit-truths-eau-de-parfum/FR41.html | AC70: AI 초안 (공식 확인 전) | AD70: 노트·농도 공식 확인 / 시향 가능 채널 / 공식몰 한국 상품명: 테싯 트루스 (Tacit Truths) (사용자 확인: 같은 제품)
A71: parfums-de-marly-delina | B71: Parfums de Marly | C71: 퍼퓸 드 말리 | D71: Delina | E71: 델리나 | F71: EDP | G71: Lychee, Rhubarb, Bergamot | H71: Peony, Rose | I71: Vanilla, Musk, Cashmeran | K71: floral | L71: fruity, gourmand | M71: elegant, sweet, soft, lovely | O71: medium | P71: mid | Q71: 봄·가을 · 데이트 | R71: 리치와 장미가 어우러진 달콤하고 우아한 꽃 향 | S71: 시간이 지나면 부드러운 바닐라 머스크가 남아요 | T71: 리치의 새콤함이 장미로 이어지는지 맡아보세요 | Y71: 퍼퓸 드 말리 백화점 | Z71: [확인 필요] | AC71: AI 초안 (공식 확인 전) | AD71: 노트·농도 공식 확인 / 국내 정가 / 이미지 / 시향 가능 채널
A72: parfums-de-marly-layton | B72: Parfums de Marly | C72: 퍼퓸 드 말리 | D72: Layton | E72: 레이튼 | F72: EDP | G72: Apple, Lavender, Bergamot, Mandarin | H72: Geranium, Violet, Jasmine | I72: Vanilla, Sandalwood, Guaiac Wood | K72: aromatic | L72: gourmand, spicy | M72: warm, deep, elegant | N72: tooSweet | O72: strong | P72: mid | Q72: 가을·겨울 · 저녁 | R72: 사과와 라벤더에 바닐라가 더해진 따뜻하고 달콤한 향 | S72: 시간이 지나도 달콤한 바닐라와 나무 향이 오래 남아요 | T72: 첫 향의 사과와 바닐라의 달콤함을 확인해 보세요 | Y72: 퍼퓸 드 말리 백화점 | Z72: [확인 필요] | AC72: AI 초안 (공식 확인 전) | AD72: 노트·농도 공식 확인 / 국내 정가 / 이미지 / 시향 가능 채널
A73: mfk-aqua-universalis | B73: Maison Francis Kurkdjian | C73: 메종 프란시스 커정 | D73: Aqua Universalis | E73: 아쿠아 유니버설리스 | F73: EDT | G73: Bergamot, Lemon | H73: Lily of the Valley, Orange Blossom | I73: White Musk | K73: citrus | L73: musk, floral | M73: clean, fresh, zesty | O73: light | P73: low | Q73: 사계절 · 데일리 | R73: 깨끗한 빨래와 레몬을 닮은 맑고 투명한 향 | S73: 몇 시간 뒤엔 보송한 화이트 머스크가 남아요 | T73: 레몬의 상큼함이 머스크로 이어지는지 맡아보세요 | Y73: 메종 프란시스 커정 백화점 | Z73: [확인 필요] | AC73: AI 초안 (공식 확인 전) | AD73: 노트·농도 공식 확인 / 국내 정가 / 이미지 / 시향 가능 채널
A74: mfk-oud-satin-mood | B74: Maison Francis Kurkdjian | C74: 메종 프란시스 커정 | D74: Oud Satin Mood | E74: 우드 사틴 무드 | F74: EDP | G74: Violet | H74: Rose, Oud | I74: Vanilla, Benzoin, Amber, Musk | K74: woody | L74: floral, amber | M74: deep, elegant, warm, sensual | N74: tooStrong | O74: strong | P74: high | Q74: 가을·겨울 · 저녁 | R74: 장미와 우드에 바닐라가 감싸는 부드럽고 깊은 향 | S74: 시간이 지나도 달콤한 우디 향이 오래 남아요 | T74: 우드 향의 진함이 부담스럽지 않은지 확인해 보세요 | Y74: 메종 프란시스 커정 백화점 | Z74: [확인 필요] | AC74: AI 초안 (공식 확인 전) | AD74: 노트·농도 공식 확인 / 국내 정가 / 이미지 / 시향 가능 채널
A75: mfk-grand-soir | B75: Maison Francis Kurkdjian | C75: 메종 프란시스 커정 | D75: Grand Soir | E75: 그랑 수아 | F75: EDP | G75: Amber | H75: Benzoin, Labdanum | I75: Tonka Bean, Vanilla | K75: amber | L75: gourmand | M75: warm, deep, cozy, sensual | N75: tooSweet, tooStrong | O75: strong | P75: mid | Q75: 가을·겨울 · 저녁 | R75: 촛불 켠 저녁 같은 따뜻하고 달콤한 앰버 향 | S75: 시간이 지나도 포근한 앰버와 바닐라가 길게 남아요 | T75: 앰버의 달콤함과 진한 정도를 확인해 보세요 | Y75: 메종 프란시스 커정 백화점 | Z75: [확인 필요] | AC75: AI 초안 (공식 확인 전) | AD75: 노트·농도 공식 확인 / 국내 정가 / 이미지 / 시향 가능 채널
A76: mfk-gentle-fluidity-gold | B76: Maison Francis Kurkdjian | C76: 메종 프란시스 커정 | D76: Gentle Fluidity Gold | E76: 젠틀 플루이디티 골드 | F76: EDP | G76: Juniper Berries, Coriander, Nutmeg | H76: Musk | I76: Vanilla, Amber | K76: amber | L76: gourmand, spicy | M76: warm, cozy, soft | O76: medium | P76: mid | Q76: 가을·겨울 · 데일리 | R76: 향신료와 바닐라가 부드럽게 어우러진 따뜻한 향 | S76: 시간이 지나면 부드러운 바닐라 앰버가 남아요 | T76: 첫 향의 알싸함이 바닐라로 바뀌는 순간을 맡아보세요 | Y76: 메종 프란시스 커정 백화점 | Z76: [확인 필요] | AC76: AI 초안 (공식 확인 전) | AD76: 노트·농도 공식 확인 / 국내 정가 / 이미지 / 시향 가능 채널
A77: initio-oud-for-greatness | B77: Initio | C77: 이니시오 | D77: Oud for Greatness | E77: 우드 포 그레이트니스 | F77: EDP | G77: Saffron, Nutmeg, Lavender | H77: Oud | I77: Patchouli, Musk | K77: woody | L77: spicy, aromatic | M77: deep, warm, elegant, sensual | N77: tooStrong | O77: strong | P77: high | Q77: 가을·겨울 · 저녁 | R77: 사프란과 우드가 어우러진 진하고 묵직한 향 | S77: 시간이 지나도 우디한 향이 오래 남아요 | T77: 향의 진함이 부담스럽지 않은지 한 번만 뿌려 확인해 보세요 | Y77: 이니시오 백화점 | Z77: [확인 필요] | AC77: AI 초안 (공식 확인 전) | AD77: 노트·농도 공식 확인 / 국내 정가 / 이미지 / 시향 가능 채널
A78: nishane-hacivat | B78: Nishane | C78: 니샤네 | D78: Hacivat | E78: 하지바트 | F78: EDP | G78: Pineapple, Grapefruit, Bergamot | H78: Jasmine | I78: Cedar, Oakmoss, Patchouli | K78: fruity | L78: woody, citrus | M78: fresh, zesty, elegant | O78: medium | P78: mid | Q78: 봄·여름 · 데일리 | R78: 파인애플과 자몽의 상큼함 뒤로 이끼 향이 이어지는 향 | S78: 시간이 지나면 이끼와 나무 향이 차분하게 남아요 | T78: 상큼한 과일이 이끼 향으로 변하는 흐름을 맡아보세요 | Y78: 니샤네 백화점 | Z78: [확인 필요] | AC78: AI 초안 (공식 확인 전) | AD78: 노트·농도 공식 확인 / 국내 정가 / 이미지 / 시향 가능 채널
A79: byredo-mojave-ghost | B79: Byredo | C79: 바이레도 | D79: Mojave Ghost | E79: 모하비 고스트 | F79: EDP | G79: Ambrette | H79: Violet, Magnolia, Sandalwood | I79: Musk, Cedar, Amber | K79: musk | L79: floral, powdery, woody | M79: soft, calm, clean | O79: medium | P79: low | Q79: 사계절 · 데일리 | R79: 사막에 핀 하얀 꽃 같은 보송하고 부드러운 향 | S79: 몇 시간 뒤엔 보송한 머스크와 나무 향이 남아요 | T79: 꽃 향이 보송하게 퍼지는지 확인해 보세요 | U79: 50 | V79: 305000 | W79: 2026-10-07 | X79: https://www.byredo.com/ko_kr/p/mojave-ghost-eau-de-parfum | Y79: 바이레도 백화점 | Z79: [확인 필요] | AA79: byredo-mojave-ghost.jpg | AB79: https://www.byredo.com/ko_kr/p/mojave-ghost-eau-de-parfum | AC79: AI 초안 (공식 확인 전) | AD79: 노트·농도 공식 확인 / 시향 가능 채널 (가격·이미지는 공식 페이지에서 반영됨)
A80: byredo-bal-d-afrique | B80: Byredo | C80: 바이레도 | D80: Bal d'Afrique | E80: 발 다프리크 | F80: EDP | G80: Bergamot, Lemon | H80: Violet, Jasmine | I80: Vetiver, Musk, Amber | K80: citrus | L80: woody | M80: fresh, warm, soft | O80: medium | P80: low | Q80: 봄·여름 · 데일리 | R80: 시트러스와 우디가 따뜻하게 어우러진 향 | S80: 시간이 지나면 베티버와 머스크가 부드럽게 남아요 | T80: 상큼한 첫 향이 따뜻한 나무 향으로 바뀌는지 맡아보세요 | U80: 50 | V80: 305000 | W80: 2026-10-07 | X80: https://www.byredo.com/ko_kr/p/bal-d-afrique-eau-de-parfum | Y80: 바이레도 백화점 | Z80: [확인 필요] | AA80: byredo-bal-d-afrique.jpg | AB80: https://www.byredo.com/ko_kr/p/bal-d-afrique-eau-de-parfum | AC80: AI 초안 (공식 확인 전) | AD80: 노트·농도 공식 확인 / 시향 가능 채널 (가격·이미지는 공식 페이지에서 반영됨)
A81: byredo-rose-of-no-mans-land | B81: Byredo | C81: 바이레도 | D81: Rose of No Man's Land | E81: 로즈 오브 노 맨즈 랜드 | F81: EDP | G81: Pink Pepper, Raspberry | H81: Rose, Papyrus | I81: Amber, Musk | K81: floral | L81: spicy, woody | M81: elegant, deep, soft | O81: medium | P81: mid | Q81: 사계절 · 데이트 | R81: 후추의 알싸함이 더해진 건조하고 우아한 장미 향 | S81: 시간이 지나면 앰버와 머스크가 포근하게 남아요 | T81: 장미가 달콤하지 않고 건조한지 확인해 보세요 | U81: 50 | V81: 305000 | W81: 2026-10-07 | X81: https://www.byredo.com/ko_kr/p/rose-of-no-mans-land-eau-de-parfum | Y81: 바이레도 백화점 | Z81: [확인 필요] | AA81: byredo-rose-of-no-mans-land.jpg | AB81: https://www.byredo.com/ko_kr/p/rose-of-no-mans-land-eau-de-parfum | AC81: AI 초안 (공식 확인 전) | AD81: 노트·농도 공식 확인 / 시향 가능 채널 (가격·이미지는 공식 페이지에서 반영됨)
A82: byredo-bibliotheque | B82: Byredo | C82: 바이레도 | D82: Bibliothèque | E82: 비블리오테크 | F82: EDP | G82: Plum, Peach | H82: Peony, Violet | I82: Leather, Vanilla, Patchouli | K82: leather | L82: fruity, gourmand, powdery | M82: cozy, warm, soft | O82: medium | P82: mid | Q82: 가을·겨울 · 휴식 | R82: 오래된 책과 가죽 소파 같은 포근한 향 | S82: 시간이 지나면 바닐라와 가죽이 부드럽게 남아요 | T82: 과일 향과 가죽 향이 만나는 순간을 맡아보세요 | U82: 50 | V82: 305000 | W82: 2026-10-07 | X82: https://www.byredo.com/ko_kr/p/bibliotheque-eau-de-parfum | Y82: 바이레도 백화점 | Z82: [확인 필요] | AA82: byredo-bibliotheque.jpg | AB82: https://www.byredo.com/ko_kr/p/bibliotheque-eau-de-parfum | AC82: AI 초안 (공식 확인 전) | AD82: 노트·농도 공식 확인 / 시향 가능 채널 (가격·이미지는 공식 페이지에서 반영됨)
A83: diptyque-eau-duelle | B83: Diptyque | C83: 딥티크 | D83: Eau Duelle | E83: 오 뒤엘 | F83: EDT | G83: Pink Pepper, Juniper Berries | H83: Cardamom, Incense | I83: Vanilla, Styrax | K83: spicy | L83: amber, gourmand | M83: warm, cozy, soft | O83: medium | P83: mid | Q83: 가을·겨울 · 휴식 | R83: 향신료와 바닐라가 고요하게 어우러진 따뜻한 향 | S83: 시간이 지나면 부드러운 바닐라와 인센스가 남아요 | T83: 알싸한 첫 향이 바닐라로 바뀌는 흐름을 맡아보세요 | Y83: 딥티크 백화점 | Z83: [확인 필요] | AC83: AI 초안 (공식 확인 전) | AD83: 노트·농도 공식 확인 / 국내 정가 / 이미지 / 시향 가능 채널
A84: diptyque-orpheon | B84: Diptyque | C84: 딥티크 | D84: Orphéon | E84: 오르페옹 | F84: EDP | G84: Juniper Berries | H84: Jasmine, Cedar | I84: Tonka Bean, Musk | K84: woody | L84: aromatic, whiteFloral | M84: calm, cozy, elegant | O84: medium | P84: mid | Q84: 가을·겨울 · 저녁 | R84: 재즈 카페 같은 부드럽고 따뜻한 나무 향 | S84: 시간이 지나면 달콤한 통카빈과 머스크가 남아요 | T84: 주니퍼의 상쾌함이 나무 향으로 이어지는지 맡아보세요 | Y84: 딥티크 백화점 | Z84: [확인 필요] | AC84: AI 초안 (공식 확인 전) | AD84: 노트·농도 공식 확인 / 국내 정가 / 이미지 / 시향 가능 채널
A85: tom-ford-lost-cherry | B85: Tom Ford | C85: 톰 포드 | D85: Lost Cherry | E85: 로스트 체리 | F85: EDP | G85: Cherry, Almond | H85: Rose, Jasmine | I85: Tonka Bean, Sandalwood, Cedar | K85: gourmand | L85: fruity, floral | M85: sweet, warm, elegant, sensual | N85: tooSweet, tooStrong | O85: strong | P85: high | Q85: 가을·겨울 · 저녁 | R85: 체리 시럽과 아몬드가 진하게 어우러진 달콤한 향 | S85: 시간이 지나도 달콤한 통카빈 향이 오래 남아요 | T85: 체리와 아몬드의 달콤함이 부담스럽지 않은지 확인해 보세요 | Y85: 톰 포드 뷰티 백화점 | Z85: [확인 필요] | AC85: AI 초안 (공식 확인 전) | AD85: 노트·농도 공식 확인 / 국내 정가 / 이미지 / 시향 가능 채널
A86: tom-ford-soleil-blanc | B86: Tom Ford | C86: 톰 포드 | D86: Soleil Blanc | E86: 솔레이 블랑 | F86: EDP | G86: Bergamot, Pink Pepper | H86: Ylang-Ylang, Jasmine, Coconut | I86: Amber, Tonka Bean, Vanilla | K86: whiteFloral | L86: gourmand, amber, spicy | M86: warm, sweet, elegant, sensual | O86: medium | P86: mid | Q86: 여름 · 휴가 | R86: 햇살 가득한 해변의 하얀 꽃과 코코넛 향 | S86: 시간이 지나면 따뜻한 앰버와 바닐라가 남아요 | T86: 꽃과 코코넛의 달콤함이 맞는지 확인해 보세요 | Y86: 톰 포드 뷰티 백화점 | Z86: [확인 필요] | AC86: AI 초안 (공식 확인 전) | AD86: 노트·농도 공식 확인 / 국내 정가 / 이미지 / 시향 가능 채널
A87: tom-ford-tuscan-leather | B87: Tom Ford | C87: 톰 포드 | D87: Tuscan Leather | E87: 터스칸 레더 | F87: EDP | G87: Raspberry, Saffron | H87: Jasmine | I87: Leather, Suede, Amber | K87: leather | L87: amber, spicy | M87: deep, warm, elegant, sensual | N87: tooStrong | O87: strong | P87: high | Q87: 가을·겨울 · 저녁 | R87: 진한 가죽에 산딸기와 사프란이 더해진 향 | S87: 시간이 지나도 가죽과 앰버가 길게 남아요 | T87: 가죽 향의 진한 정도를 확인해 보세요 | Y87: 톰 포드 뷰티 백화점 | Z87: [확인 필요] | AC87: AI 초안 (공식 확인 전) | AD87: 노트·농도 공식 확인 / 국내 정가 / 이미지 / 시향 가능 채널
A88: tom-ford-black-orchid | B88: Tom Ford | C88: 톰 포드 | D88: Black Orchid | E88: 블랙 오키드 | F88: EDP | G88: Blackcurrant, Ylang-Ylang | H88: Orchid, Lotus | I88: Patchouli, Vanilla, Incense, Chocolate | K88: floral | L88: gourmand, amber | M88: deep, elegant, warm, sensual | N88: heavyFloral, tooStrong | O88: strong | P88: high | Q88: 가을·겨울 · 저녁 | R88: 어두운 꽃에 초콜릿과 인센스가 섞인 진하고 관능적인 향 | S88: 시간이 지나도 달콤한 패출리와 바닐라가 오래 남아요 | T88: 꽃 향이 진해서 호불호가 있으니 충분히 맡아보세요 | Y88: 톰 포드 뷰티 백화점 | Z88: [확인 필요] | AC88: AI 초안 (공식 확인 전) | AD88: 노트·농도 공식 확인 / 국내 정가 / 이미지 / 시향 가능 채널
A89: tom-ford-ombre-leather | B89: Tom Ford | C89: 톰 포드 | D89: Ombré Leather | E89: 옹브레 레더 | F89: EDP | G89: Cardamom | H89: Jasmine, Leather | I89: Patchouli, Amber, Oakmoss | K89: leather | L89: spicy, woody | M89: deep, warm, sensual | N89: tooStrong | O89: strong | P89: high | Q89: 가을·겨울 · 저녁 | R89: 가죽 재킷 같은 따뜻하고 부드러운 가죽 향 | S89: 시간이 지나도 가죽과 패출리가 오래 남아요 | T89: 가죽 향이 부드러운지 거친지 확인해 보세요 | Y89: 톰 포드 뷰티 백화점 | Z89: [확인 필요] | AC89: AI 초안 (공식 확인 전) | AD89: 노트·농도 공식 확인 / 국내 정가 / 이미지 / 시향 가능 채널
A90: hermessence-vetiver-tonka | B90: Hermès | C90: 에르메스 | D90: Hermessence Vétiver Tonka | E90: 에르메센스 베티버 통카 | F90: EDT | G90: Grapefruit, Pink Pepper | H90: Vetiver | I90: Tonka Bean | K90: woody | L90: gourmand, citrus | M90: calm, warm, fresh | O90: medium | P90: low | Q90: 사계절 · 출근 | R90: 자몽의 상큼함 뒤로 부드러운 베티버와 통카빈이 이어지는 향 | S90: 시간이 지나면 포근한 통카빈이 은은하게 남아요 | T90: 베티버의 풀 향이 달콤하게 바뀌는지 맡아보세요 | Y90: 에르메스 뷰티 백화점 | Z90: [확인 필요] | AC90: AI 초안 (공식 확인 전) | AD90: 노트·농도 공식 확인 / 국내 정가 / 이미지 / 시향 가능 채널
A91: acqua-di-parma-fico-di-amalfi | B91: Acqua di Parma | C91: 아쿠아 디 파르마 | D91: Fico di Amalfi | E91: 피코 디 아말피 | F91: EDT | G91: Bergamot, Grapefruit | H91: Fig, Jasmine | I91: Cedar, Musk | K91: green | L91: citrus, fruity | M91: fresh, zesty, cool | O91: light | P91: low | Q91: 봄·여름 · 데일리 | R91: 지중해 무화과와 시트러스의 싱그러운 향 | S91: 몇 시간 뒤엔 가벼운 시더와 머스크가 남아요 | T91: 무화과의 풋풋함과 시트러스의 균형을 맡아보세요 | Y91: 아쿠아 디 파르마 백화점 | Z91: [확인 필요] | AC91: AI 초안 (공식 확인 전) | AD91: 노트·농도 공식 확인 / 국내 정가 / 이미지 / 시향 가능 채널
A92: penhaligons-blenheim-bouquet | B92: Penhaligon's | C92: 펜할리곤스 | D92: Blenheim Bouquet | E92: 블레넘 부케 | F92: EDT | G92: Lemon, Lime, Pine Needles | H92: Lavender, Pepper | I92: Musk, Sandalwood | K92: aromatic | L92: citrus, woody | M92: fresh, clean, cool | O92: medium | P92: mid | Q92: 사계절 · 출근 | R92: 영국 정원 같은 상쾌한 시트러스와 라벤더 향 | S92: 시간이 지나면 부드러운 머스크와 나무 향이 남아요 | T92: 첫 향의 솔잎과 레몬이 얼마나 알싸한지 맡아보세요 | Y92: 펜할리곤스 백화점 | Z92: [확인 필요] | AC92: AI 초안 (공식 확인 전) | AD92: 노트·농도 공식 확인 / 국내 정가 / 이미지 / 시향 가능 채널
A93: atelier-cologne-orange-sanguine | B93: Atelier Cologne | C93: 아틀리에 코롱 | D93: Orange Sanguine | E93: 오랑쥬 상긴 | F93: Cologne Absolue | G93: Orange, Mandarin | H93: Jasmine | I93: Cedar, Musk | K93: citrus | L93: fruity, whiteFloral | M93: zesty, fresh, warm | O93: light | P93: low | Q93: 봄·여름 · 데일리 | R93: 블러드 오렌지의 상큼하고 달콤한 향 | S93: 몇 시간 뒤엔 가벼운 머스크와 나무 향이 남아요 | T93: 오렌지의 상큼함이 얼마나 오래 가는지 확인해 보세요 | Y93: 아틀리에 코롱 백화점 | Z93: [확인 필요] | AC93: AI 초안 (공식 확인 전) | AD93: 노트·농도 공식 확인 / 국내 정가 / 이미지 / 시향 가능 채널
A94: xerjoff-naxos | B94: Xerjoff | C94: 제르조프 | D94: Naxos | E94: 낙소스 | F94: EDP | G94: Bergamot, Lemon, Lavender | H94: Honey, Cinnamon, Cashmeran | I94: Tobacco Leaf, Tonka Bean, Vanilla | K94: gourmand | L94: spicy, leather | M94: warm, sweet, deep, sensual | N94: tooSweet, tooStrong | O94: strong | P94: high | Q94: 가을·겨울 · 저녁 | R94: 꿀과 담배, 바닐라가 어우러진 달콤하고 진한 향 | S94: 시간이 지나도 달콤한 담배 향이 오래 남아요 | T94: 꿀의 달콤함이 부담스럽지 않은지 확인해 보세요 | Y94: 제르조프 백화점 | Z94: [확인 필요] | AC94: AI 초안 (공식 확인 전) | AD94: 노트·농도 공식 확인 / 국내 정가 / 이미지 / 시향 가능 채널
A95: escentric-molecules-molecule-01 | B95: Escentric Molecules | C95: 에센트릭 몰큘스 | D95: Molecule 01 | E95: 몰큘 01 | F95: EDT | G95: Iso E Super | K95: woody | L95: musk | M95: clean, soft, calm | O95: light | P95: low | Q95: 사계절 · 데일리 | R95: 한 가지 성분만 쓴 투명하고 부드러운 나무 향 | S95: 피부에 은은하게 오래 남아요 | T95: 향이 약하니 손목에서 시간을 두고 맡아보세요 | Y95: 에센트릭 몰큘스 백화점 | Z95: [확인 필요] | AC95: AI 초안 (공식 확인 전) | AD95: 노트·농도 공식 확인 / 국내 정가 / 이미지 / 시향 가능 채널
A96: escentric-molecules-molecule-02 | B96: Escentric Molecules | C96: 에센트릭 몰큘스 | D96: Molecule 02 | E96: 몰큘 02 | F96: EDT | G96: Ambroxan | K96: musk | L96: woody | M96: clean, soft, calm | O96: light | P96: low | Q96: 사계절 · 데일리 | R96: 한 가지 성분만 쓴 깨끗하고 따뜻한 피부 향 | S96: 피부에 은은하게 오래 남아요 | T96: 향이 약하니 손목에서 시간을 두고 맡아보세요 | Y96: 에센트릭 몰큘스 백화점 | Z96: [확인 필요] | AC96: AI 초안 (공식 확인 전) | AD96: 노트·농도 공식 확인 / 국내 정가 / 이미지 / 시향 가능 채널
A97: juliette-has-a-gun-not-a-perfume | B97: Juliette Has a Gun | C97: 줄리엣 해즈 어 건 | D97: Not a Perfume | E97: 낫 어 퍼퓸 | F97: EDP | G97: Cetalox | K97: musk | L97: amber | M97: clean, soft, calm | O97: light | P97: low | Q97: 사계절 · 데일리 | R97: 한 가지 성분만 쓴 깨끗한 피부 같은 향 | S97: 피부에 은은하게 오래 남아요 | T97: 향이 약하니 손목에서 시간을 두고 맡아보세요 | Y97: 줄리엣 해즈 어 건 백화점 | Z97: [확인 필요] | AC97: AI 초안 (공식 확인 전) | AD97: 노트·농도 공식 확인 / 국내 정가 / 이미지 / 시향 가능 채널
A98: ex-nihilo-fleur-narcotique | B98: Ex Nihilo | C98: 엑스 니힐로 | D98: Fleur Narcotique | E98: 플뢰르 나르코티크 | F98: EDP | G98: Lychee, Bergamot, Peach | H98: Peony, Jasmine | I98: Musk, Amber, Vanilla | K98: floral | L98: fruity, whiteFloral | M98: sweet, elegant, soft, lovely | O98: medium | P98: mid | Q98: 봄·가을 · 데이트 | R98: 과즙 가득한 과일과 하얀 꽃이 어우러진 향 | S98: 시간이 지나면 부드러운 머스크와 앰버가 남아요 | T98: 과일 향이 꽃 향으로 이어지는 흐름을 맡아보세요 | Y98: 엑스 니힐로 백화점 | Z98: [확인 필요] | AC98: AI 초안 (공식 확인 전) | AD98: 노트·농도 공식 확인 / 국내 정가 / 이미지 / 시향 가능 채널
A99: parfums-de-marly-herod | B99: Parfums de Marly | C99: 퍼퓸 드 말리 | D99: Herod | E99: 헤로드 | F99: EDP | G99: Cinnamon, Pepper | H99: Tobacco Leaf, Vanilla | I99: Cedar, Musk, Labdanum | K99: leather | L99: gourmand, spicy | M99: warm, cozy, deep, sensual | N99: tooSweet | O99: strong | P99: mid | Q99: 가을·겨울 · 저녁 | R99: 계피와 담배, 바닐라가 어우러진 따뜻하고 달콤한 향 | S99: 시간이 지나도 달콤한 담배 향이 오래 남아요 | T99: 계피와 담배의 달콤함을 맡아보세요 | Y99: 퍼퓸 드 말리 백화점 | Z99: [확인 필요] | AC99: AI 초안 (공식 확인 전) | AD99: 노트·농도 공식 확인 / 국내 정가 / 이미지 / 시향 가능 채널
A100: chanel-coromandel | B100: Chanel | C100: 샤넬 | D100: Coromandel (Les Exclusifs) | E100: 코로만델 (레 젝스클루지프) | F100: EDP | G100: Orange, Bergamot | H100: Patchouli, Benzoin, Incense | I100: Vanilla, Chocolate, Amber | K100: amber | L100: gourmand, woody | M100: warm, cozy, deep, sensual | N100: tooSweet | O100: strong | P100: mid | Q100: 가을·겨울 · 저녁 | R100: 화이트 초콜릿과 패출리가 어우러진 따뜻하고 달콤한 향 | S100: 시간이 지나도 포근한 앰버와 바닐라가 오래 남아요 | T100: 달콤한 첫 향이 패출리로 이어지는지 맡아보세요 | Y100: 샤넬 뷰티 백화점 | Z100: [확인 필요] | AC100: AI 초안 (공식 확인 전) | AD100: 노트·농도 공식 확인 / 국내 정가 / 이미지 / 시향 가능 채널

Sheet notes
A1: ingredient_en | B1: ingredient_ko | C1: feel | D1: family | E1: used_in
A2: Aldehydes | B2: 알데하이드 | C2: 비누처럼 깨끗하고 반짝이는 향 | D2: musk | E2: =COUNTIF(perfumes!$G$2:$I$100,"*"&A2&"*")
A3: Amber | B3: 앰버 | C3: 따뜻하고 달콤한 수지 향 | D3: amber | E3: =COUNTIF(perfumes!$G$2:$I$100,"*"&A3&"*")
A4: Ambergris | B4: 앰버그리스 | C4: 따뜻하고 짭짤한 바다 같은 부드러운 향 | D4: amber | E4: =COUNTIF(perfumes!$G$2:$I$100,"*"&A4&"*")
A5: Amberwood | B5: 앰버우드 | C5: 따뜻하고 달콤한 나무 향 | D5: amber | E5: =COUNTIF(perfumes!$G$2:$I$100,"*"&A5&"*")
A6: Ambrette | B6: 앰브레트 | C6: 따뜻한 피부와 꽃을 닮은 은은한 향 | D6: musk | E6: =COUNTIF(perfumes!$G$2:$I$100,"*"&A6&"*")
A7: Ambroxan | B7: 암브록산 | C7: 깨끗하고 따뜻한 피부 같은 은은한 향 | D7: musk | E7: =COUNTIF(perfumes!$G$2:$I$100,"*"&A7&"*")
A8: Apple | B8: 사과 | C8: 아삭하고 풋풋한 사과 향 | D8: fruity | E8: =COUNTIF(perfumes!$G$2:$I$100,"*"&A8&"*")
A9: Bamboo | B9: 대나무 | C9: 맑고 푸릇한 대나무 잎 향 | D9: green | E9: =COUNTIF(perfumes!$G$2:$I$100,"*"&A9&"*")
A10: Benzoin | B10: 벤조인 | C10: 달콤하고 따뜻한 수지 향 | D10: amber | E10: =COUNTIF(perfumes!$G$2:$I$100,"*"&A10&"*")
A11: Bergamot | B11: 베르가못 | C11: 상큼하고 살짝 쌉쌀한 귤 껍질 향 | D11: citrus | E11: =COUNTIF(perfumes!$G$2:$I$100,"*"&A11&"*")
A12: Blackberry | B12: 블랙베리 | C12: 진하고 달콤새콤한 베리 향 | D12: fruity | E12: =COUNTIF(perfumes!$G$2:$I$100,"*"&A12&"*")
A13: Blackcurrant | B13: 블랙커런트 | C13: 새콤하고 진한 검은 베리 향 | D13: fruity | E13: =COUNTIF(perfumes!$G$2:$I$100,"*"&A13&"*")
... A124: Yuzu | B124: 유자 | C124: 향긋하고 쌉쌀한 유자 껍질 향 | D124: citrus | E124: =COUNTIF(perfumes!$G$2:$I$100,"*"&A124&"*")

Sheet options
A1: 향 계열 (family) | G1: 분위기 칩 (moods) | I1: 시트1 사용 수 | K1: 피하고 싶은 칩 (avoid_flags)
A2: id | B2: 이름 | C2: 시향 순서 | D2: 예시 | E2: 시트1 등록 수 | G2: calm | H2: 차분한 | I2: =COUNTIF(perfumes!$M$2:$M$200,"*"&G2&"*") | K2: tooSweet | L2: 너무 단 향
A3: citrus | B3: 시트러스 | C3: 1 | D3: 레몬·베르가못·자몽 | E3: =COUNTIF(perfumes!$K$2:$K$200,A3) | G3: clean | H3: 깨끗한 | I3: =COUNTIF(perfumes!$M$2:$M$200,"*"&G3&"*") | K3: tooStrong | L3: 너무 진한 향
A4: fruity | B4: 프루티 | C4: 2 | D4: 복숭아·배·베리 | E4: =COUNTIF(perfumes!$K$2:$K$200,A4) | G4: cool | H4: 시원한 | I4: =COUNTIF(perfumes!$M$2:$M$200,"*"&G4&"*") | K4: headache | L4: 머리 아픈 향
A5: aqua | B5: 아쿠아·오존 | C5: 3 | D5: 바다·빗물·바람 | E5: =COUNTIF(perfumes!$K$2:$K$200,A5) | G5: cozy | H5: 포근한 | I5: =COUNTIF(perfumes!$M$2:$M$200,"*"&G5&"*") | K5: heavyFloral | L5: 꽃향이 강한 향
A6: green | B6: 그린 | C6: 4 | D6: 풀잎·녹차·무화과잎 | E6: =COUNTIF(perfumes!$K$2:$K$200,A6) | G6: fresh | H6: 싱그러운 | I6: =COUNTIF(perfumes!$M$2:$M$200,"*"&G6&"*") | K6: smoky | L6: 스모키한 향
A7: aromatic | B7: 아로마틱 | C7: 5 | D7: 라벤더·로즈마리·민트 | E7: =COUNTIF(perfumes!$K$2:$K$200,A7) | G7: zesty | H7: 상큼한 | I7: =COUNTIF(perfumes!$M$2:$M$200,"*"&G7&"*") | K7: powdery | L7: 화장품 파우더 향
A8: floral | B8: 플로럴 | C8: 6 | D8: 장미·작약·은방울꽃 | E8: =COUNTIF(perfumes!$K$2:$K$200,A8) | G8: warm | H8: 따뜻한 | I8: =COUNTIF(perfumes!$M$2:$M$200,"*"&G8&"*")
A9: whiteFloral | B9: 화이트 플로럴 | C9: 7 | D9: 자스민·튜베로즈·오렌지꽃 | E9: =COUNTIF(perfumes!$K$2:$K$200,A9) | G9: sweet | H9: 달콤한 | I9: =COUNTIF(perfumes!$M$2:$M$200,"*"&G9&"*")
A10: powdery | B10: 파우더리 | C10: 8 | D10: 아이리스·바이올렛 | E10: =COUNTIF(perfumes!$K$2:$K$200,A10) | G10: elegant | H10: 우아한 | I10: =COUNTIF(perfumes!$M$2:$M$200,"*"&G10&"*") | K10: intensity
A11: musk | B11: 머스크·클린 | C11: 9 | D11: 비누·갓 빤 빨래·살결 | E11: =COUNTIF(perfumes!$K$2:$K$200,A11) | G11: deep | H11: 묵직한 | I11: =COUNTIF(perfumes!$M$2:$M$200,"*"&G11&"*") | K11: light | L11: 가벼움
A12: spicy | B12: 스파이시 | C12: 10 | D12: 핑크페퍼·카다멈·시나몬 | E12: =COUNTIF(perfumes!$K$2:$K$200,A12) | G12: soft | H12: 보송한 | I12: =COUNTIF(perfumes!$M$2:$M$200,"*"&G12&"*") | K12: medium | L12: 보통
A13: woody | B13: 우디 | C13: 11 | D13: 시더·샌달우드·베티버 | E13: =COUNTIF(perfumes!$K$2:$K$200,A13) | G13: lovely | H13: 사랑스러운 | I13: =COUNTIF(perfumes!$M$2:$M$200,"*"&G13&"*") | K13: strong | L13: 진함
A14: amber | B14: 앰버 | C14: 12 | D14: 앰버·레진 | E14: =COUNTIF(perfumes!$K$2:$K$200,A14) | G14: sensual | H14: 매혹적인 | I14: =COUNTIF(perfumes!$M$2:$M$200,"*"&G14&"*")
A15: gourmand | B15: 구르망 | C15: 13 | D15: 바닐라·카라멜·꿀 | E15: =COUNTIF(perfumes!$K$2:$K$200,A15) | K15: polarizing
A16: leather | B16: 레더·스모키 | C16: 14 | D16: 가죽·타바코·인센스 | E16: =COUNTIF(perfumes!$K$2:$K$200,A16) | K16: low | L16: 호불호 적음
A17: 합계 | E17: =SUM(E3:E16) | K17: mid | L17: 보통
K18: high | L18: 호불호 있음
